SwallowID,is_video_available,hosting_platform
7886,0,Zoom
7913,0,
7914,0,
7918,0,
7923,0,
7931,0,
7937,0,
7939,0,Zoom
7941,0,Zoom
7942,0,Zoom
7943,0,Zoom
7944,0,Zoom
7945,0,Zoom
7955,0,Zoom
7956,0,Zoom
7961,0,Zoom
7962,0,Zoom
7963,0,Zoom
7964,0,Zoom
7965,0,Zoom
7966,0,
7967,0,Zoom
7968,0,Zoom
7970,0,Instagram Live
8151,0,
8152,0,Zoom
8154,0,Zoom
8155,0,
8156,0,
8157,0,
8158,0,
8159,0,
8160,0,
8161,0,
8162,0,
8163,0,
8164,0,
8165,0,
8166,0,
8167,0,
8168,0,
8169,0,
8170,0,
8172,0,Zoom
8175,0,
8176,0,Zoom
8177,0,Zoom
8178,0,Zoom
8179,0,Zoom
8180,0,Zoom
8181,0,
8183,0,Vimeo; Zoom
8184,0,Zoom
8185,0,
8186,0,Zoom
8187,0,
8188,0,Zoom
8189,0,Zoom
8190,0,Zoom
8192,0,Crowdcast
8193,0,
8194,0,
8197,1,Crowdcast
8199,1,Crowdcast
8200,1,Crowdcast
8203,1,Crowdcast
8204,1,Crowdcast
8206,1,Crowdcast
8207,1,Crowdcast
8209,1,Crowdcast
8210,0,Crowdcast
8211,1,Crowdcast
8212,1,Crowdcast
8213,0,Zoom
8215,0,Zoom
8216,0,Zoom
8217,0,Zoom
8219,0,Zoom
8220,0,Zoom
8221,0,Instagram
8222,0,Zoom
8223,0,Zoom
8224,1,YouTube
8225,0,Zoom
8226,0,Zoom
8227,1,Zoom
8228,1,YouTube
8229,0,Zoom
8230,0,Zoom
8231,0,YouTube
8232,0,
8233,1,Zoom
8234,1,
8235,0,
8236,1,
8237,0,
8238,0,
8239,1,
8241,1,
8242,1,
8243,1,
8244,1,
8245,1,
8246,1,
8247,1,
8248,1,
8250,0,YouTube
8252,0,Zoom
8253,0,Zoom
8254,0,Zoom
8255,0,Zoom
8256,0,Zoom
8257,0,Zoom
8258,1,
8259,1,
8260,1,
8261,1,
8262,1,
8263,0,Facebook
8265,0,Facebook
8266,1,Facebook
8267,1,Facebook
8268,0,Facebook
8269,1,Facebook
8270,0,Facebook
8271,1,Facebook
8272,0,Facebook
8273,1,Facebook
8274,0,
8275,0,Crowdcast
8277,0,Zoom
8278,0,Zoom
8279,0,Facebook
8281,0,Instagram
8282,0,
8283,1,Zoom
8284,1,Zoom
8285,1,Zoom
8286,0,Zoom
8287,0,Zoom
8288,0,Zoom
8289,0,Zoom
8290,0,Zoom
8291,0,Zoom
8292,0,Zoom
8293,0,Zoom
8294,0,Zoom
8295,0,Zoom
8296,0,Zoom
8297,0,Zoom
8300,1,
8302,1,Zoom
8303,1,Zoom
8304,1,Zoom
8305,1,Zoom
8306,1,Zoom
8307,1,Zoom
8308,1,Zoom
8309,1,Zoom
8310,1,Zoom
8311,0,Zoom
8312,1,Zoom
8316,1,Zoom
8317,1,Zoom
8319,1,Zoom
8321,1,Zoom
8322,1,Zoom
8323,1,Zoom
8324,0,Zoom
8325,1,Zoom
8326,1,Zoom
8327,1,Zoom
8328,1,
8329,1,Zoom
8330,1,Zoom
8331,1,Zoom
8332,0,Zoom
8333,1,Zoom
8334,0,Zoom
8335,0,Zoom
8336,0,Zoom
8337,0,Zoom
8338,0,Zoom
8339,0,Zoom
8342,0,Zoom
8343,0,Zoom
8344,0,Zoom
8345,0,Zoom
8346,0,Zoom
8347,0,Zoom
8348,0,Zoom
8349,0,Zoom
8350,0,Zoom
8351,0,Zoom
8352,0,Zoom
8353,0,Zoom
8354,0,Zoom
8355,0,Zoom
8356,1,Zoom
8357,1,Zoom
8358,0,Zoom
8359,0,Zoom
8360,0,Zoom
8361,0,
8362,0,
8367,0,Zoom
8368,0,
8369,0,Zoom
8370,0,Zoom
8371,0,Zoom
8372,0,
8374,0,Zoom
8375,0,Zoom
8376,0,
8377,0,Zoom
8380,0,Zoom
8381,0,Zoom
8382,0,Zoom
8383,0,Zoom
8384,0,Zoom
8385,0,Zoom
8386,0,Zoom
8387,0,Zoom
8388,0,Zoom
8389,0,Zoom
8390,0,
8391,0,Zoom
8392,0,Zoom
8393,0,Zoom
8394,0,Zoom
8395,0,Zoom
8397,0,Zoom
8398,0,
8399,0,Zoom
8400,0,Zoom
8401,0,Zoom
8402,0,Zoom
8404,0,Zoom
8405,0,Zoom
8406,0,Zoom
8407,0,Zoom
8409,0,Zoom
8410,0,Zoom
8411,0,Zoom
8412,0,Zoom
8414,0,Zoom
8415,0,Zoom
8416,0,Zoom
8417,0,Zoom
8418,0,Zoom
8419,0,Zoom
8420,0,Zoom
8421,0,Zoom
8422,0,
8423,0,Zoom
8424,0,Zoom
8425,0,Zoom
8426,0,Zoom
8427,0,Zoom
8428,0,Zoom
8429,0,Zoom
8430,0,Facebook
8431,0,Zoom
8432,0,Zoom
8433,0,Zoom
8434,0,Zoom
8435,0,Zoom
8436,0,Zoom
8437,0,Zoom
8438,0,Zoom
8439,0,
8440,0,Zoom
8441,0,Zoom
8442,0,Zoom
8443,0,Zoom
8444,0,Zoom
8445,0,
8446,0,Zoom
8447,0,Zoom
8448,0,Zoom
8449,0,Zoom
8450,0,Zoom
8451,0,Zoom
8452,0,Zoom
8453,0,Zoom
8454,0,Zoom
8455,0,Zoom
8456,0,Zoom
8457,0,Zoom
8458,0,Zoom
8459,0,Zoom
8460,0,Zoom
8461,0,Zoom
8462,0,Zoom
8463,0,Zoom
8464,0,Zoom
8465,0,Zoom
8466,0,Zoom
8467,0,Zoom
8468,0,
8469,0,Zoom
8471,0,Zoom
8472,0,Zoom
8473,0,Zoom
8474,0,Zoom
8475,0,Zoom
8476,0,Zoom
8477,0,
8478,0,Zoom
8479,0,
8480,0,Instagram
8481,0,Instagram
8482,0,Zoom
8483,0,
8484,0,Zoom
8485,0,Zoom
8486,0,
8487,0,Zoom
8488,0,Zoom
8489,0,Zoom
8490,0,Zoom
8491,0,Zoom
8492,0,Zoom
8493,0,
8494,0,
8495,0,
8496,0,Zoom
8497,0,Zoom
8498,0,Zoom
8499,0,Zoom
8500,0,Zoom
8501,0,Zoom
8502,0,Zoom
8503,0,Zoom
8504,0,Zoom
8505,0,Zoom
8506,0,Zoom
8507,0,Zoom
8508,0,Zoom
8509,0,Zoom
8510,0,Zoom
8511,0,Zoom
8512,0,Zoom
8513,0,Zoom
8515,0,Zoom
8516,0,Zoom
8517,0,Zoom
8518,0,Zoom
8519,0,Zoom
8520,0,Zoom
8521,0,Zoom
8522,0,Zoom
8523,0,Zoom
8524,0,Zoom
8525,0,Zoom
8526,0,Zoom
8527,0,Zoom
8528,0,Zoom
8529,0,Zoom
8530,0,Zoom
8531,0,Zoom
8532,0,Zoom
8533,0,Zoom
8534,0,Zoom
8535,0,Zoom
8536,0,Zoom
8537,0,Zoom
8538,0,Zoom
8539,0,Zoom
8540,0,Zoom
8541,0,Zoom
8542,0,Zoom
8543,0,Zoom
8544,0,Zoom
8545,0,Zoom
8550,0,Zoom
8551,0,Zoom
8552,0,Zoom
8553,0,Facebook; YouTube
8554,0,Zoom
8555,0,Zoom
8556,0,Zoom
8557,0,Zoom
8560,0,Zoom
8561,0,Zoom
8562,0,Zoom
8563,0,
8565,0,Zoom
8566,0,Zoom
8567,0,Zoom
8568,0,Zoom
8569,0,Zoom
8570,0,Zoom
8571,0,Crowdcast
8572,0,Crowdcast
8573,0,Crowdcast
8574,0,Crowdcast
8575,0,Crowdcast
8576,0,Crowdcast
8577,0,Crowdcast
8578,0,Crowdcast
8579,0,Crowdcast; YouTube
8580,0,Crowdcast; YouTube
8581,0,Zoom
8582,0,Zoom
8583,0,Zoom
8584,0,Zoom
8585,0,Zoom
8586,0,Zoom
8587,0,Zoom
8588,0,Instagram
8589,0,Zoom
8590,0,Zoom
8591,0,Crowdcast; YouTube
8592,0,Zoom
8593,0,Instagram
8594,0,Crowdcast; YouTube
8595,0,Zoom
8596,0,Zoom
8597,0,
8598,0,Crowdcast; YouTube
8599,0,Crowdcast; YouTube
8600,0,Instagram
8601,0,Crowdcast; YouTube
8602,0,YouTube
8603,0,Zoom
8604,0,Crowdcast; YouTube
8605,0,Crowdcast; YouTube
8606,0,Zoom
8607,0,Zoom
8608,0,Zoom
8609,0,Zoom
8610,0,Instagram
8611,0,Zoom
8612,0,YouTube
8613,0,Instagram
8614,0,
8615,0,
8616,0,
8619,0,
8620,0,
8621,0,
8622,0,
8623,0,
8624,0,
8625,0,
8626,0,
8627,0,
8628,0,Zoom
8629,0,
8630,0,Zoom
8631,0,
8632,0,
8640,0,
8641,0,
8642,0,
8643,0,
8644,0,
8645,0,
8646,0,
8647,0,
8648,0,
8649,0,
8650,0,
8651,0,
8652,0,
8653,0,
8654,0,
8655,0,
8656,0,
8662,0,
8663,0,
8664,0,
8665,0,
8666,0,
8667,0,
8668,0,
8669,0,
8670,0,
8671,0,
8672,0,
8673,0,
8674,0,
8675,0,
8676,0,
8677,0,
8678,0,
8679,0,
8680,0,
8681,0,
8696,0,
8697,0,
8698,0,
8699,0,
8700,0,
8701,0,
8710,0,
8711,0,
8713,0,
8714,0,
8715,0,
8716,0,
8719,0,Zoom
8720,0,
8721,0,
8722,0,
8723,0,
8724,0,
8725,0,Zoom
8726,0,
8727,0,Zoom
8728,0,Zoom
8729,0,
8730,0,Zoom
8731,0,Zoom
8732,1,Facebook; YouTube
8733,0,
8734,0,
8735,0,
8736,0,
8737,0,
8738,0,
8739,0,
8740,0,
8741,0,
8743,0,
8744,0,
8745,0,
8746,0,
8747,0,
8748,0,
8749,0,
8750,0,
8751,0,
8752,0,
8753,0,
8754,0,
8755,0,
8756,0,
8757,0,
8758,0,
8759,0,
8760,0,Instagram
8761,0,
8763,0,
8764,0,
8765,0,
8766,0,
8767,0,
8772,0,
8773,0,
8774,0,
8775,0,
8776,0,
8777,0,
8778,0,
8779,0,
8780,0,
8781,1,
8782,0,
8783,0,
8784,0,
8785,0,
8786,0,
8793,0,
8794,0,
8795,0,
8796,0,
8797,0,
8798,0,
8799,0,
8800,0,
8801,0,
8802,0,
8803,0,
8804,0,
8805,0,
8806,0,
8807,0,
8808,0,
8809,0,
8829,0,Zoom
8830,0,Zoom
8833,0,Facebook Live; Zoom
8834,1,
8835,0,
8837,1,
8838,0,
8839,0,
8840,0,
8841,0,
8842,0,
8843,0,
8844,0,
8845,0,
8846,0,
8847,0,Instagram
8850,1,
8851,1,
8852,0,
8853,1,
8854,0,
8857,0,
8858,0,
8859,0,Facebook Live
8860,0,
8861,0,
8862,0,
8863,0,
8864,0,Zoom
8865,0,Zoom
8866,0,Zoom
8867,0,Zoom
8868,1,Zoom
8869,0,
8870,0,Zoom
8871,1,
8872,0,
8873,0,
8874,0,
8875,0,
8877,0,
8878,0,
8879,0,
8880,0,
8882,1,
8883,0,
8884,0,
8885,0,
8886,0,
8887,0,
8888,0,
8889,0,
8891,1,
8892,0,
8893,0,
8894,0,
8896,0,
8897,0,
8898,0,
8899,0,
8900,0,
8901,0,
8902,0,
8903,0,
8904,0,
8905,0,
8906,0,
8907,0,
8908,0,
8909,0,
8911,0,YouTube
8912,0,
8913,0,
8914,0,
8915,0,
8916,0,
8917,1,
8918,1,
8919,0,
8921,0,
8923,1,
8925,0,
8926,0,
8927,0,
8928,0,
8929,0,
8930,0,
8931,0,
8932,0,
8933,0,
8934,0,
8935,0,
8936,0,
8937,0,
8938,0,
8939,0,
8940,0,
8941,0,
8942,0,
8943,0,
8944,0,
8945,0,
8946,0,
8947,0,
8948,0,
8949,0,
8950,0,
8951,1,
8952,1,
8953,1,
8954,0,
8955,0,
8956,0,
8957,0,
8958,0,
8959,0,
8960,0,
8961,0,
8962,1,Facebook Live
8963,0,
8964,0,
8965,0,
8966,0,
8967,0,
8968,0,
8969,0,
8970,0,
8971,0,
8972,0,
8973,1,
8974,1,
8976,0,
8977,0,
8978,0,
8979,0,
8980,0,
8981,0,
8982,0,
8983,0,
8984,0,
8985,0,
8986,0,
8987,0,
8988,1,Crowdcast
8989,0,YouTube
8990,0,
8991,0,
8992,0,
8994,1,
8995,1,
8996,1,
8997,1,
9000,1,YouTube
9003,0,
9004,0,YouTube
9005,0,Facebook; YouTube
9006,0,YouTube
9007,0,Zoom
9008,0,Zoom
9009,0,Facebook Live; Zoom
9010,0,Zoom
9011,0,
9012,0,
9013,0,Zoom
9014,0,
9015,0,Zoom
9016,0,
9017,0,
9018,0,
9019,0,Facebook Live
9020,0,
9021,0,Zoom
9022,0,Zoom
9023,0,YouTube; Zoom
9024,0,
9026,0,Crowdcast
9027,0,
9028,0,
9029,0,
9030,0,
9031,0,Zoom
9032,0,Zoom
9033,0,YouTube
9034,0,YouTube; Zoom
9035,0,Zoom
9036,0,Zoom
9037,0,Zoom
9039,0,Zoom
9040,0,YouTube
9041,0,Zoom
9042,0,Zoom
9044,0,Zoom
9045,0,
9046,0,
9047,0,
9048,0,Zoom
9049,0,
9050,0,
9051,0,
9052,0,
9053,0,
9054,0,Zoom
9055,0,Crowdcast
9056,0,
9057,0,Zoom
9058,0,Twitch
9059,0,Zoom
9060,0,Zoom
9062,0,Zoom
9063,0,Zoom
9065,0,Zoom
9066,0,Zoom
9067,0,YouTube
9068,0,Zoom
9069,0,Zoom
9070,0,Zoom
9071,0,
9073,0,Zoom
9074,0,Zoom
9075,0,Zoom
9076,0,Zoom
9078,0,Facebook
9079,0,Zoom
9080,0,Zoom
9081,0,YouTube
9083,0,
9084,0,Zoom
9085,0,Zoom
9086,0,Zoom
9087,0,Zoom
9088,0,Zoom
9089,0,Zoom
9090,0,Zoom
9091,0,Zoom
9092,0,Zoom
9094,0,Zoom
9095,0,Zoom
9096,0,Instagram
9097,1,Facebook Live
9098,1,Facebook Live
9099,0,
9100,1,Facebook
9101,0,Zoom
9102,0,Zoom
9103,0,Zoom
9104,0,Zoom
9105,0,Zoom
9106,0,
9108,0,Zoom
9109,0,Zoom
9110,0,Zoom
9111,0,Zoom
9112,0,Zoom
9113,0,Zoom
9114,0,Zoom
9115,0,Zoom
9117,0,Zoom
9118,0,Zoom
9119,0,Zoom
9120,0,Zoom
9121,0,Zoom
9122,0,Zoom
9124,0,Zoom
9125,0,Zoom
9126,0,
9127,0,Zoom
9129,0,Zoom
9132,0,Facebook Live
9133,0,Twitter
9134,0,Facebook Live
9135,0,Instagram
9136,0,Zoom
9138,0,Zoom
9139,0,Zoom
9140,0,Zoom
9141,0,Zoom
9142,0,Zoom
9143,1,
9144,1,Zoom
9145,0,
9146,1,Zoom
9148,0,
9150,0,Zoom
9151,0,Zoom
9152,0,Zoom
9153,0,Zoom
9154,0,Zoom
9155,0,Zoom
9156,0,Zoom
9157,0,Zoom
9158,0,Zoom
9159,0,Zoom
9160,1,Zoom
9161,0,Zoom
9162,0,Zoom
9163,1,Zoom
9242,0,Zoom
9243,0,Zoom
9244,0,Zoom
9246,0,Zoom
9247,0,Zoom
9249,0,Zoom
9250,0,Zoom
9251,0,Zoom
9252,0,YouTube; Zoom
9253,0,
9254,0,
9255,0,
9256,0,
9259,0,Facebook Live
9260,1,Facebook Live
9261,1,Facebook Live
9262,0,
9263,1,Zoom
9264,0,Zoom
9268,0,YouTube; Zoom
9270,0,
9271,0,Zoom
9272,1,Facebook Live
9273,0,Facebook Live
9276,0,Facebook Live
9277,1,Zoom
9278,0,Zoom
9279,0,Zoom
9280,0,Zoom
9285,0,Zoom
9286,0,Zoom
9287,0,Zoom
9288,0,Zoom
9289,0,Zoom
9290,0,Zoom
9291,1,Zoom
9292,0,Zoom
9293,0,Zoom
9294,0,Zoom
9295,0,Zoom
9296,0,Zoom
9297,0,Zoom
9298,0,Zoom
9301,0,Instagram
9302,0,Instagram
9303,0,Instagram
9304,0,Instagram
9307,0,Instagram
9308,0,Instagram
9329,0,Zoom
9330,0,Zoom
9331,0,Instagram
9332,0,Instagram
9334,0,Facebook Live
9337,0,
9339,0,
9340,0,
9341,1,Webex
9342,0,
9343,0,
9344,0,
9346,0,Zoom
9347,0,Zoom
9348,0,
9349,0,Zoom
9350,0,Zoom
9351,0,Zoom
9352,0,Zoom
9353,0,Zoom
9354,0,Zoom
9355,0,Zoom
9356,0,Zoom
9357,0,Zoom
9358,0,Zoom
9359,0,Zoom
9360,0,Zoom
9361,0,Zoom
9362,0,Zoom
9363,0,Zoom
9364,0,Zoom
9365,0,Zoom
9366,0,Zoom
9367,0,Zoom
9368,0,Zoom
9369,0,Zoom
9370,0,Zoom
9371,0,
9372,0,
9373,0,
9374,0,
9375,0,
9376,0,
9377,0,
9378,0,
9379,0,
9380,0,Zoom
9381,0,Zoom
9382,0,Zoom
9383,0,Zoom
9384,0,Zoom
9385,0,Zoom
9386,0,Zoom
9387,0,Zoom
9388,0,Zoom
9391,0,
9392,0,
9393,0,
9394,0,
9395,0,
9396,0,
9397,0,
9398,0,
9399,0,
9406,0,
9407,0,
9412,0,
9413,0,
9414,0,
9416,1,Facebook Live
9417,1,Facebook Live
9418,0,
9419,1,
9420,0,
9421,0,
9422,0,
9423,0,
9424,0,
9425,0,
9426,0,
9427,0,
9428,0,
9429,0,
9430,0,
9431,0,
9432,0,
9433,0,
9434,0,
9435,0,
9436,0,
9438,0,
9439,1,
9445,0,
9446,0,
9447,0,
9448,0,
9449,0,
9451,0,
9454,0,
9455,0,
9456,0,
9457,0,
9458,0,
9459,0,
9466,0,Facebook Live
9467,0,Livestream
9471,0,Zoom
9472,0,Zoom
9473,0,Zoom
9474,0,Livestream
9475,0,
9476,0,Facebook Live
9477,0,Zoom
9478,0,Zoom
9479,0,Zoom
9480,0,Zoom
9481,0,Zoom
9482,0,
9483,0,
9484,0,Zoom
9485,0,Zoom
9486,0,Zoom
9487,0,Zoom
9488,0,Zoom
9489,0,Zoom
9490,0,Zoom
9491,0,
9492,0,Zoom
9494,0,
9495,0,
9496,0,
9497,0,
9498,0,
9499,0,
9500,0,
9501,0,
9502,0,
9508,1,
9510,0,
9511,1,
9512,1,
9513,0,
9514,0,
9515,1,
9516,0,
9517,0,
9518,1,
9519,0,
9520,1,
9521,1,
9522,1,
9523,1,
9524,0,
9525,1,
9526,0,
9527,0,
9528,1,
9530,1,
9531,0,
9532,0,
9533,0,
9534,0,
9535,0,
9536,0,
9537,0,
9538,0,
9539,0,Instagram Live
9540,0,Instagram Live
9541,0,Instagram Live
9542,0,Instagram Live
9543,0,Zoom
9544,0,
9545,0,Instagram Live
9546,0,Facebook Live
9547,0,Zoom
9548,0,Zoom
9549,0,Zoom
9550,0,Zoom
9551,0,Zoom
9552,0,Zoom
9553,0,Zoom
9555,0,Zoom
9556,0,Zoom
9557,0,Zoom
9558,0,Zoom
9559,0,Zoom
9563,0,Zoom
9564,0,Zoom
9565,0,
9566,0,
9567,0,
9568,0,
9569,0,
9570,0,Zoom
9571,0,
9572,0,
9573,0,
9574,0,
9575,0,
9576,0,
9577,0,
9579,0,
9581,0,
9582,0,
9583,0,
9584,0,
9585,0,
9586,0,
9587,0,
9588,0,
9590,0,
9591,0,
9592,0,Zoom
9593,1,Zoom
9594,0,Zoom
9599,1,
9600,1,
9601,1,
9602,1,
9603,0,
9604,1,
9605,0,
9606,0,
9607,0,
9608,0,
9611,0,Facebook Live
9612,0,Instagram
9614,0,
9615,0,
9616,0,
9617,0,
9618,0,
9619,0,
9620,0,
9621,0,
9622,0,
9623,0,Instagram Live
9624,0,Instagram Live
9626,0,Zoom
9627,0,YouTube
9628,0,Zoom
9629,0,Instagram Live
9630,0,YouTube; Zoom
9631,0,Facebook Live
9632,0,Facebook Live; Zoom
9637,1,Zoom
9638,1,Zoom
9639,1,
9641,1,Zoom
9644,1,Facebook
9645,0,
9646,1,
9647,0,
9648,0,Zoom
9649,0,Zoom
9650,0,Zoom
9651,0,Facebook Live; Zoom
9652,0,Facebook Live; Zoom
9653,0,Facebook Live; Zoom
9654,0,Zoom
9655,0,Facebook Live
9656,0,Facebook Live
9657,0,Facebook Live; Zoom
9658,0,Zoom
9659,0,Zoom
9660,0,Zoom
9661,0,Crowdcast
9662,0,Facebook Live; Zoom
9663,0,Instagram Live
9664,0,Zoom
9665,0,YouTube; Zoom
9666,0,Facebook Live
9667,0,Zoom
9668,0,
9669,0,
9670,0,Zoom
9671,0,
9672,0,
9673,0,
9674,0,Facebook Live; Zoom
9676,0,
9677,0,
9678,0,
9679,1,Facebook Live
9680,0,Zoom
9681,0,
9682,0,
9683,0,
9684,0,
9685,0,
9686,0,
9687,1,Facebook Live
9688,1,Facebook Live
9690,1,Facebook Live
9691,1,Facebook Live
9692,1,Facebook Live
9693,1,Facebook Live
9694,0,Facebook Live
9695,0,Facebook Live
9696,0,Facebook Live
9697,0,
9698,0,Facebook Live
9699,0,Facebook Live
9700,0,Facebook Live
9701,1,Facebook Live
9703,0,
9704,0,
9705,0,
9706,0,
9708,0,
9710,0,
9711,0,
9712,0,
9714,0,
9715,0,
9716,0,
9720,0,Zoom
9721,0,
9722,0,
9723,0,
9724,0,Zoom
9725,0,
9728,0,
9729,0,
9730,0,
9732,0,
9733,0,
9734,0,
9735,0,
9736,0,
9737,1,Facebook Live
9739,0,YouTube
9740,0,
9741,0,
9742,0,
9747,0,Zoom
9753,0,Zoom
9771,0,
9772,0,
9773,0,
9786,0,YouTube
9787,0,YouTube
9788,0,YouTube
9790,1,Zoom
9792,0,
9793,0,YouTube
9794,0,YouTube; Zoom
9795,0,YouTube
9796,0,YouTube
9797,0,YouTube
9798,0,YouTube
9799,0,YouTube
9800,0,YouTube; Zoom
9801,0,
9802,0,Zoom
9803,0,Zoom
9804,0,YouTube
9805,0,
9806,0,
9807,0,Zoom
9808,0,Zoom
9809,0,Zoom
9810,0,Zoom
9811,0,
9812,1,Facebook Live; YouTube
9813,1,Facebook Live; YouTube
9814,1,Facebook Live; YouTube
9815,1,Facebook Live; YouTube
9816,1,Facebook Live; YouTube
9817,1,Facebook Live; YouTube
9818,0,Zoom
9822,0,Instagram Live
9824,0,Zoom
9825,0,Zoom
9826,0,Zoom
9827,0,Zoom
9829,0,Zoom
9830,0,Zoom
9831,0,Zoom
9832,0,Zoom
9833,0,Zoom
9834,0,Zoom
9835,0,
9836,0,
9837,0,Zoom
9838,0,
9840,0,
9841,0,Zoom
9842,0,Zoom
9843,0,Zoom
9844,0,Zoom
9845,0,Zoom
9846,0,Zoom
9847,0,Zoom
9848,0,Zoom
9849,0,Zoom
9850,0,Zoom
9851,0,Zoom
9852,0,Zoom
9853,0,Zoom
9854,0,Zoom
9855,0,Zoom
9856,0,Zoom
9858,0,Zoom
9859,0,Zoom
9860,0,Zoom
9861,0,Zoom
9862,0,Zoom
9863,0,Zoom
9864,0,Zoom
9865,0,Zoom
9866,0,Zoom
9867,0,Zoom
9868,0,Zoom
9869,0,Zoom
9870,1,Zoom
9871,0,Zoom
9872,0,In-person
9873,0,Zoom
9874,0,Zoom
9875,0,Zoom
9876,0,Zoom
9877,0,Zoom
9878,0,Zoom
9879,0,
9880,0,
9881,0,
9882,0,Zoom
9883,0,In-person
9884,0,In-person
9885,0,In-person
9886,0,In-person
9887,0,In-person
9888,0,In-person
9889,0,In-person
9891,0,Facebook Live
9892,0,Facebook Live
9894,0,In-person
9895,0,YouTube
9896,0,
9897,0,
9898,0,
9899,0,
9900,0,
9901,0,
9902,0,
9903,0,
9904,0,
9905,0,
9906,0,
9907,0,
9908,0,
9909,0,
9910,0,
9911,0,
9912,0,
9913,0,
9922,0,
9924,0,Zoom
9925,0,Zoom
9926,0,
9927,0,
9928,0,
9930,0,
9931,0,
9932,0,Zoom
9933,0,Zoom
9935,0,Zoom
9936,1,Zoom
9937,0,Zoom
9938,0,Zoom
9939,0,Zoom
9940,0,Zoom
9941,0,Zoom
9942,0,Zoom
9943,0,In-person
9944,0,In-person
9945,0,Crowdcast
9946,0,In-person
9949,0,
9950,0,
9951,0,
9952,0,
9953,0,
9954,0,Zoom
9955,1,Facebook; In-person; Twitter; YouTube
9956,0,Zoom
9957,0,Zoom
9958,0,Zoom
9960,0,Zoom
9961,0,Zoom
9962,0,Zoom
9963,0,Zoom
9965,0,Zoom
9966,0,Zoom
9967,0,Zoom
9968,0,Zoom
9969,0,Zoom
9970,0,Zoom
9971,0,Zoom
9972,0,Zoom
9973,0,Zoom
9974,0,Zoom
9976,0,
9977,0,Zoom
9978,0,
9979,0,Zoom
9980,0,Zoom
9981,0,Zoom
9982,0,Zoom
9983,0,Zoom
9984,0,Zoom
9985,0,
9986,0,
9987,0,
9988,0,
9989,0,Zoom
9990,0,Zoom
9991,0,
9992,0,
9993,0,
9994,0,Zoom
9995,0,Zoom
9996,0,Zoom
9997,0,Zoom
9998,0,Zoom
9999,0,
10000,0,
10001,0,Zoom
10002,0,Zoom
10003,0,
10004,0,Zoom
10005,0,Zoom
10006,0,Zoom
10009,0,Zoom
10010,0,Zoom
10011,0,
10012,0,Zoom
10013,0,Zoom
10014,0,Zoom
10015,0,Zoom
10016,0,Zoom
10017,0,Zoom
10018,0,Zoom
10019,0,
10021,0,
10022,0,
10023,0,
10024,0,
10025,1,
10026,0,
10027,1,
10028,0,Zoom
10029,0,
10030,0,Zoom
10031,0,Zoom
10032,0,Zoom
10033,0,Zoom
10034,0,In-person
10035,0,Zoom
10036,0,
10037,0,Zoom
10038,0,Zoom
10039,0,Zoom
10040,0,Zoom
10041,0,Zoom
10042,0,Zoom
10043,1,Zoom
10044,1,Zoom
10045,1,Zoom
10046,1,
10047,1,
10049,1,
10050,1,
10051,1,
10052,0,
10053,1,
10058,1,
10059,1,
10060,1,
10061,0,Zoom
10062,0,Zoom
10063,0,Zoom
10064,0,Zoom
10065,1,Zoom
10066,0,Zoom
10067,0,Zoom
10068,0,Zoom
10069,0,Zoom
10070,0,
10071,1,Zoom
10072,1,Zoom
10073,0,Zoom
10074,0,
10075,1,Zoom
10076,0,
10077,0,In-person
10078,0,In-person
10079,0,Zoom
10080,0,Zoom
10081,0,Zoom
10084,0,Facebook Live
10085,0,
10090,0,
10094,0,Zoom
10095,0,Zoom
10098,0,
10099,0,Zoom
10100,0,Zoom
10101,0,Zoom
10102,0,Zoom
10103,0,Zoom
10104,0,Zoom
10105,0,Zoom
10106,0,Zoom
10107,0,Zoom
10108,0,Zoom
10110,0,
10115,0,Zoom
10116,0,Zoom
10119,0,Zoom
10120,0,Zoom
10121,0,Zoom
10122,0,Zoom
10123,0,Zoom
10125,0,Zoom
10126,0,
10127,0,
10128,0,Zoom
10129,0,
10130,0,Zoom
10131,0,Instagram Live
10132,0,In-person
10133,0,YouTube
10134,0,
10135,0,YouTube
10136,0,Zoom
10137,0,Zoom
10138,0,
10139,0,In-person
10140,0,Zoom
10141,0,
10142,0,Zoom
10143,0,Zoom
10145,0,Zoom
10146,0,Zoom
10147,0,Zoom
10148,0,Zoom
10151,0,Facebook
10152,0,Zoom
10153,0,YouTube
10154,0,Zoom
10155,0,Zoom
10156,0,Zoom
10157,0,Zoom
10163,0,Zoom
10164,0,
10167,0,
10168,0,
10169,0,
10170,0,
10171,0,
10172,0,
10173,0,
10174,0,
10175,0,
10177,0,Zoom
10178,0,Zoom
10179,0,Zoom
10183,0,Zoom
10184,0,Zoom
10185,0,Zoom
10187,0,
10188,0,
10189,0,
10190,0,
10191,0,
10192,0,
10193,0,
10194,0,
10195,0,
10196,0,
10197,0,
10198,0,
10199,0,
10200,1,YouTube
10201,1,YouTube
10202,1,YouTube
10203,1,YouTube
10204,1,YouTube
10205,1,YouTube
10206,0,
10207,0,
10208,0,Zoom
10209,1,YouTube
10221,0,
10225,0,
10227,0,
10228,0,
10229,0,Facebook Live
10230,0,Facebook Live
10231,0,
10232,0,Zoom
10233,0,Zoom
10234,0,
10235,0,
10236,0,
10237,0,
10238,0,
10239,0,
10240,0,
10241,0,
10242,0,Zoom
10243,0,Zoom
10244,0,Zoom
10245,0,Zoom
10246,0,
10247,0,Zoom
10248,0,Zoom
10249,0,Facebook Live
10250,0,Facebook Live
10251,0,Facebook Live
10252,0,
10253,0,Zoom
10254,0,
10255,0,
10256,0,
10257,0,
10258,0,
10259,0,
10261,0,
10262,0,Zoom
10263,0,Zoom
10264,0,Zoom
10269,0,Instagram Live
10270,0,
10271,0,
10272,1,Facebook Live
10273,0,
10274,0,
10275,0,
10277,1,Facebook
10278,0,
10279,0,
10280,0,Discord
10281,0,Discord
10282,0,Discord
10283,0,Discord
10284,0,Discord; YouTube
10285,0,Discord; YouTube
10286,0,Discord; YouTube
10287,0,In-person
10288,0,Zoom
10289,0,Zoom
10290,0,YouTube
10291,0,
10292,0,Facebook; YouTube
10293,0,Facebook; YouTube
10294,1,Facebook; YouTube
10295,0,Zoom
10296,0,
10298,0,
10299,0,
10300,1,
10301,1,
10302,1,
10303,1,
10305,1,
10306,1,
10307,1,
10308,1,
10309,1,
10311,1,
10312,1,
10313,0,
10314,0,
10315,0,
10319,0,Zoom
10320,0,Zoom
10322,0,YouTube
10323,0,Facebook
10324,0,
10325,0,
10326,1,In-person
10327,0,Facebook; Hybrid
10328,0,Facebook Live
10329,0,Zoom
10330,1,Zoom
10331,0,Facebook Live
10332,0,Zoom
10333,0,Zoom
10337,0,Zoom
10338,0,
10339,0,Zoom
10340,0,Zoom
10341,0,Zoom
10342,0,Zoom
10343,0,Zoom
10344,0,Zoom
10349,0,Facebook Live
10351,0,Facebook Live
10352,0,Facebook Live
10353,0,Facebook Live
10355,0,Zoom
10356,0,Zoom
10357,0,Zoom
10358,0,Zoom
10359,0,
10360,0,Zoom
10361,0,Zoom
10362,0,Zoom
10363,0,Zoom
10364,0,
10366,0,Facebook Live
10369,0,Facebook Live
10370,0,Facebook Live
10374,0,Facebook Live
10375,0,Facebook Live
10376,0,
10377,0,Zoom
10378,0,Zoom
10379,0,Zoom
10380,0,Zoom
10381,0,Zoom
10382,0,Zoom
10383,0,Zoom
10386,0,Facebook Live
10388,0,Facebook; Twitter; YouTube
10389,0,Zoom
10390,0,YouTube
10391,0,Zoom
10392,0,Zoom
10393,0,Zoom
10394,0,Zoom
10395,0,Zoom
10397,0,
10398,0,
10399,1,YouTube
10400,0,Zoom
10401,0,Hybrid; Zoom
10402,0,In-person
10403,0,In-person
10404,0,Zoom
10405,0,Zoom
10406,0,In-person
10407,0,Zoom
10408,0,Zoom
10409,0,Zoom
10410,0,Zoom
10411,0,In-person
10416,0,
10419,0,Zoom
10420,0,Zoom
10421,0,Zoom
10422,0,Zoom
10423,0,Zoom
10424,0,Zoom
10425,0,Zoom
10426,0,Zoom
10427,0,Zoom
10428,0,YouTube
10446,0,
10449,0,
10450,0,
10459,0,
10460,0,
10461,0,
10462,0,YouTube
10463,0,Zoom
10464,0,YouTube
10465,0,YouTube
10466,0,YouTube
10467,0,Zoom
10468,0,Zoom
10469,0,YouTube
10470,0,Zoom
10471,0,Zoom
10472,0,Zoom
10473,0,Zoom
10474,0,Zoom
10475,0,Zoom
10476,0,YouTube
10477,0,Zoom
10478,0,
10479,0,
10482,0,
10483,0,
10484,0,
10485,0,
10486,0,
10487,0,
10488,0,
10515,0,
10519,0,
10520,0,
10521,0,
10522,0,
10523,0,Zoom
10524,0,Zoom
10525,0,Zoom
10526,0,YouTube
10527,0,YouTube
10528,1,Zoom
10529,1,Zoom
10533,0,Zoom
10534,0,Zoom
10535,1,Zoom
10536,0,Zoom
10537,0,Zoom
10538,1,Zoom
10539,1,Zoom
10540,0,Zoom
10541,0,Zoom
10543,0,
10545,0,Zoom
10547,0,
10550,0,
10552,0,
10553,0,
10555,0,
10558,0,
10559,0,
10584,0,In-person
10585,0,In-person
10586,0,In-person
10587,0,
10588,0,
10589,0,Zoom
10590,0,Zoom
10591,0,Zoom
10592,0,Zoom
10593,0,Zoom
10594,0,Zoom
10595,1,Facebook
10596,0,
10597,0,
10598,1,Facebook
10599,1,Facebook
10600,0,Facebook
10601,0,Facebook; YouTube
10602,1,Facebook; YouTube
10603,0,
10604,0,
10605,0,
10607,0,
10608,0,
10609,0,
10610,0,In-person
10611,0,In-person
10612,0,In-person
10613,0,In-person
10614,0,In-person
10615,0,In-person
10619,0,In-person
10620,0,In-person
10621,0,In-person
10622,0,In-person
10623,0,In-person
10624,0,In-person
10625,0,In-person
10626,0,In-person
10627,0,In-person
10628,0,In-person
10629,0,In-person
10630,0,In-person
10631,0,In-person
10632,0,In-person
10633,0,In-person
10634,0,In-person
10635,0,In-person
10636,0,In-person
10637,0,Facebook; Hybrid
10645,0,In-person
10646,0,In-person
10647,0,Facebook; In-person
10648,0,In-person
10651,0,In-person
10652,0,In-person
10653,0,In-person
10654,0,Facebook; In-person
10655,0,In-person
10656,0,In-person
10658,0,In-person
10659,0,In-person
10660,0,In-person
10662,0,In-person
10688,0,Zoom
10689,0,
10690,0,
10691,0,Zoom
10692,0,
10693,0,Zoom
10694,1,Zoom
10695,1,Zoom
10696,1,
10697,0,Zoom
10699,0,
10701,0,Zoom
10702,0,Zoom
10703,0,Zoom
10717,1,YouTube
10720,1,YouTube
10721,1,YouTube
10723,1,YouTube
10724,1,YouTube
10725,1,YouTube
10726,1,YouTube
10727,1,YouTube
10728,0,
10738,1,YouTube
10739,1,YouTube
10747,1,YouTube
10748,0,Zoom
10749,0,Brightspace
10750,0,Zoom
10751,0,Zoom
10752,1,YouTube
10753,1,YouTube
10754,1,YouTube
10755,1,YouTube
10756,1,YouTube
10757,1,YouTube
10758,1,YouTube
10759,1,YouTube
10760,1,YouTube
10761,1,YouTube
10762,1,YouTube
10763,1,YouTube
10764,0,
10765,0,Zoom
10766,0,Zoom
10768,0,Zoom
10769,0,Zoom
10770,0,Zoom
10771,0,Zoom
10772,1,YouTube
10773,1,YouTube
10774,1,YouTube
10775,0,Zoom
10777,0,
10778,0,Zoom
10779,0,Zoom
10791,0,
10792,0,Zoom
10793,0,Zoom
10794,0,Zoom
10796,0,Zoom
10800,0,Zoom
10801,0,Zoom
10802,0,
10804,0,Facebook Live
10805,0,Facebook Live
10806,0,
10807,0,
10808,0,
10809,0,
10810,0,Facebook Live
10811,0,
10812,0,Facebook Live
10813,0,
10814,0,Facebook Live; YouTube
10815,0,Facebook Live; YouTube
10816,0,Facebook Live; YouTube
10817,0,Zoom
10818,0,Facebook Live; YouTube
10819,0,Facebook Live; YouTube
10824,1,YouTube
10829,0,Facebook Live; YouTube
10830,1,YouTube
10831,0,
10832,1,YouTube
10834,1,YouTube
10835,0,
10836,0,
10837,0,
10838,0,
10839,0,
10840,0,
10841,0,
10842,1,YouTube
10843,1,YouTube
10844,1,YouTube
10845,1,YouTube
10846,0,
10847,0,
10848,0,
10849,0,Zoom
10850,0,Zoom
10851,0,Zoom
10852,0,Zoom
10853,0,Zoom
10854,0,Zoom
10855,0,Zoom
10857,0,Zoom
10858,0,Zoom
10859,0,Zoom
10860,0,Zoom
10861,0,Zoom
10862,1,YouTube
10863,0,Zoom
10864,0,Zoom
10865,0,Zoom
10866,0,
10867,0,Zoom
10868,1,Zoom
10869,1,YouTube
10870,1,YouTube
10871,1,YouTube
10872,1,YouTube
10873,1,YouTube
10874,1,YouTube
10875,1,YouTube
10876,1,YouTube
10877,1,YouTube
10878,1,YouTube
10879,1,YouTube
10895,0,Zoom
10896,0,Zoom
10897,0,Zoom
10898,0,Zoom
10899,0,Zoom
10900,0,Zoom
10902,0,Zoom
10903,0,
10904,0,
10905,1,YouTube
10906,1,YouTube
10907,1,YouTube
10908,1,YouTube
10909,1,YouTube
10910,1,YouTube
10911,1,YouTube
10912,1,YouTube
10913,1,YouTube
10914,1,YouTube
10916,1,YouTube
10917,1,YouTube
10918,1,YouTube
10919,1,YouTube
10920,1,YouTube
10921,1,YouTube
10922,1,YouTube
10923,1,YouTube
10924,1,YouTube
10925,1,YouTube
10926,1,YouTube
10927,1,YouTube
10928,1,YouTube
10929,1,YouTube
10930,0,
10953,0,
10955,0,In-person
10956,0,In-person
10957,0,
10958,0,In-person
10959,0,
10960,0,In-person
10961,0,Zoom
10962,0,In-person
10963,0,Zoom
10964,0,Zoom
10965,0,In-person
10966,0,In-person
10967,0,In-person
10969,0,In-person
10970,0,In-person
10971,0,Zoom
10972,0,In-person
10973,0,In-person
10974,0,
10975,0,
10976,0,Zoom
10977,0,
10979,0,Zoom
10980,0,
10982,0,Zoom
10983,0,Zoom
10984,0,Zoom
10985,0,Zoom
10986,0,Zoom
10987,0,Zoom
10988,0,Zoom
10989,1,Facebook
10995,0,Facebook
10996,0,Facebook
10997,1,Facebook
10999,0,Facebook
11000,0,Facebook
11005,0,Facebook
11006,0,Facebook
11008,0,Facebook
11009,0,Facebook
11011,0,
11012,0,Facebook
11013,0,Facebook
11014,0,Facebook
11015,0,Facebook
11017,0,Facebook
11026,0,Facebook
11027,0,Zoom
11028,0,Zoom
11029,0,Zoom
11030,0,Zoom
11031,0,Zoom
11032,0,Zoom
11033,0,Zoom
11034,1,Zoom
11035,0,
11036,1,Zoom
11037,1,Zoom
11038,1,Zoom
11039,1,Zoom
11040,1,Zoom
11041,1,Zoom
11042,1,Zoom
11043,0,
11044,1,
11045,1,
11046,1,
11047,1,
11048,1,
11049,1,
11050,0,
11051,1,
11052,1,Zoom
11053,1,Zoom
11054,1,Zoom
11055,1,Zoom
11056,0,Zoom
11057,0,Zoom
11058,0,Zoom
11059,1,Zoom
11060,1,Zoom
11061,0,Zoom
11082,1,Zoom
11084,1,Zoom
11085,1,Zoom
11087,0,
11088,0,
11089,0,
11090,0,Zoom
11091,0,Zoom
11092,0,Zoom
11093,0,Zoom
11094,0,Zoom
11095,0,Zoom
11096,0,Zoom
11097,0,Zoom
11098,0,
11102,0,Zoom
11105,0,Zoom
11106,0,Zoom
11107,0,Zoom
11108,0,Zoom
11109,0,Zoom
11113,0,Zoom
11114,0,
11115,0,Zoom
11116,0,Zoom
11117,0,Zoom
11118,0,Crowdcast
11119,0,
11121,0,Crowdcast
11122,0,Crowdcast
11123,0,Crowdcast
11124,0,Crowdcast
11125,0,Crowdcast
11126,0,Crowdcast
11131,0,
11137,0,Zoom
11138,0,Zoom
11139,0,Zoom
11149,0,Discord
11150,0,Zoom
11151,0,Zoom
11152,0,Zoom
11153,0,Zoom
11154,0,Crowdcast
11155,0,Crowdcast
11156,0,Zoom
11158,0,Zoom
11159,0,Crowdcast
11160,0,Discord
11161,0,Crowdcast
11162,0,Zoom
11163,0,Crowdcast
11164,0,Zoom
11165,0,Crowdcast
11166,0,Crowdcast
11167,0,Zoom
11168,0,Crowdcast
11169,0,Crowdcast
11170,0,Zoom
11171,0,Zoom
11172,0,
11173,0,
11174,0,Zoom
11175,0,
11176,0,
11177,0,Zoom
11178,0,
11180,0,Zoom
11181,0,Zoom
11182,0,Zoom
11183,0,Zoom
11184,0,
11185,0,
11186,0,
11187,0,
11188,0,
11189,0,
11190,0,
11191,0,
11192,0,
11193,0,
11194,0,Zoom
11195,0,Zoom
11214,0,Zoom
11215,0,Zoom
11216,0,Zoom
11217,0,Zoom
11218,0,Zoom
11219,0,Zoom
11220,0,Zoom
11221,0,Zoom
11223,0,Zoom
11224,0,Zoom
11225,0,Zoom
11226,0,Zoom
11227,0,Zoom
11228,0,Zoom
11230,0,Zoom
11231,0,Zoom
11232,0,Zoom
11233,0,Zoom
11235,0,Zoom
11236,0,Zoom
11238,0,Zoom
11242,0,Zoom
11243,0,Zoom
11244,0,Zoom
11245,0,Zoom
11248,0,
11251,0,Zoom
11252,0,Zoom
11253,0,Zoom
11254,0,Zoom
11255,0,Zoom
11256,0,Zoom
11257,0,Zoom
11258,0,
11259,0,
11260,0,Zoom
11261,0,Zoom
11262,0,Zoom
11263,0,Zoom
11275,1,Zoom
11276,1,Zoom
11277,1,Zoom
11278,0,
11279,0,Zoom
11281,0,Zoom
11282,0,Zoom
11283,0,Zoom
11284,0,Zoom
11285,0,Zoom
11286,0,Zoom
11287,0,Zoom
11288,0,Zoom
11289,0,Zoom
11290,0,Zoom
11291,0,Zoom
11292,0,Zoom
11293,0,Zoom
11294,0,Zoom
11295,0,Zoom
11296,0,Zoom
11297,0,Zoom
11298,0,Zoom
11299,0,Zoom
11300,0,Zoom
11301,0,Zoom
11302,0,Zoom
11303,0,Zoom
11305,1,Zoom
11306,1,Zoom
11307,0,YouTube
11308,1,Zoom
11309,1,Zoom
11310,1,Zoom
11311,0,YouTube
11327,1,Zoom
11328,1,Zoom
11329,0,Zoom
11330,0,Zoom
11331,0,Zoom
11332,0,Zoom
11333,0,Zoom
11334,0,Zoom
11335,0,Zoom
11336,0,Zoom
11337,0,Zoom
11338,0,Zoom
11339,0,Zoom
11351,0,
11365,0,
11367,0,Zoom
11368,0,Zoom
11369,0,Facebook
11370,0,Zoom
11371,0,Zoom
11372,0,Zoom
11373,0,Zoom
11374,0,Facebook
11375,0,Zoom
11376,0,Zoom
11377,0,Zoom
11378,0,Zoom
11379,0,Facebook
11380,0,Facebook
11381,1,Facebook
11382,1,Facebook
11385,0,Zoom
11386,1,Facebook
11387,0,Zoom
11388,0,Instagram
11389,0,Instagram
11390,0,Instagram
11391,0,Twitter
11393,1,Zoom
11394,0,Instagram
11395,0,Facebook
11396,0,Instagram
11397,0,Facebook
11398,1,YouTube
11399,0,Facebook
11400,1,YouTube
11402,0,Facebook
11403,1,YouTube
11404,0,Instagram
11405,0,Facebook
11406,1,YouTube
11407,0,Twitter
11409,0,Instagram
11410,0,Instagram
11411,0,Instagram
11412,0,Instagram
11413,0,Instagram
11414,0,Instagram
11415,0,Instagram
11416,0,Instagram
11417,0,Facebook
11418,0,Instagram
11419,0,
11420,0,
11421,0,Facebook
11422,0,Zoom
11423,0,YouTube
11424,0,YouTube
11425,0,Facebook
11426,0,Zoom
11427,0,Instagram
11428,0,Facebook
11429,0,
11430,0,Zoom
11443,0,Zoom
11444,0,Zoom
11445,0,Zoom
11446,0,Zoom
11447,0,Zoom
11448,0,Zoom
11449,0,Zoom
11450,0,Zoom
11452,0,YouTube
11454,0,YouTube
11456,0,Zoom
11457,0,
11458,0,Zoom
11459,0,Zoom
11460,1,Zoom
11461,0,Zoom
11462,0,Zoom
11463,0,Zoom
11464,0,Zoom
11465,0,Zoom
11466,0,Zoom
11485,0,Zoom
11486,0,Zoom
11488,0,Zoom
11489,0,Zoom
11490,0,Zoom
11491,1,Zoom
11492,1,Zoom
11493,0,Zoom
11494,1,Zoom
11495,0,
11496,0,
11497,1,Facebook Live
11498,1,Facebook Live
11499,1,YouTube
11500,0,YouTube
11501,0,YouTube
11502,1,Crowdcast
11503,1,
11504,1,Crowdcast; In-person
11505,1,Crowdcast
11506,1,Crowdcast
11507,1,Crowdcast
11508,0,Zoom
11509,0,Zoom
11523,1,Facebook
11524,0,In-person
11525,0,
11526,0,
11527,1,Zoom
11528,1,Zoom
11529,1,Zoom
11530,1,Zoom
11531,1,Zoom
11532,0,Zoom
11535,0,Zoom
11536,0,Zoom
11537,0,Zoom
11538,0,Zoom
11539,0,
11540,0,
11541,0,
11542,0,
11543,0,
11545,0,
11555,0,Zoom
11556,0,Zoom
11559,0,Zoom
11560,0,Zoom
11561,0,Zoom
11562,0,Zoom
11563,0,Zoom
11564,0,Zoom
11565,0,Zoom
11566,0,Zoom
11567,0,Zoom
11569,1,Zoom
11570,1,Zoom
11571,1,Zoom
11573,0,Zoom
11574,1,Zoom
11576,1,Zoom
11577,1,Zoom
11578,0,Zoom
11579,1,Zoom
11580,1,Zoom
11581,1,Zoom
11582,1,Zoom
11583,1,Zoom
11584,1,Zoom
11587,1,Zoom
11588,1,Zoom
11589,1,Zoom
11590,0,Zoom
11591,0,Zoom
11592,0,Zoom
11593,0,Zoom
11594,0,Zoom
11595,0,Zoom
11596,0,In-person
11597,0,In-person
11598,0,
11599,0,In-person
11600,0,In-person
11601,0,In-person
11602,0,In-person
11603,0,In-person
11604,0,In-person
11605,0,Zoom
11606,0,
11607,0,In-person
11608,0,In-person
11609,0,In-person
11610,0,
11611,0,In-person
11612,0,In-person
11613,0,In-person
11614,0,Zoom
11615,0,Zoom
11616,0,Zoom
11617,0,In-person; Zoom
11618,0,Zoom
11619,0,In-person
11620,0,In-person; Zoom
11621,0,Zoom
11622,0,Zoom
11623,0,In-person
11624,0,In-person
11625,0,In-person
11631,1,Zoom
11633,1,Zoom
11639,1,Zoom
11640,1,Zoom
11641,0,
11642,0,
11643,0,
11644,0,
11648,0,Zoom
11649,0,Zoom
11650,0,
11651,0,
11652,0,Zoom
11653,0,
11654,0,Zoom
11655,0,In-person
11656,0,Zoom
11657,0,
11658,0,Zoom
11659,0,Zoom
11660,0,Zoom
11661,0,
11662,0,Zoom
11663,0,Zoom
11664,0,
11665,0,Zoom
11666,0,
11667,0,Zoom
11668,0,Zoom
11669,1,Hybrid; YouTube
11670,0,
11671,1,Hybrid; YouTube
11672,1,YouTube
11673,1,
11674,1,YouTube
11675,1,Hybrid; YouTube
11676,0,YouTube
11677,1,YouTube
11678,1,YouTube
11679,1,YouTube
11680,1,
11681,1,Zoom
11682,0,Zoom
11683,0,
11684,0,Zoom
11685,0,Zoom
11686,0,Zoom
11687,0,Zoom
11688,0,Zoom
11689,0,Zoom
11690,0,Zoom
11691,0,Zoom
11692,0,Zoom
11694,0,Zoom
11695,0,Zoom
11696,0,Zoom
11697,0,Zoom
11698,0,Zoom
11699,0,Zoom
11701,0,Zoom
11703,0,Zoom
11704,0,Zoom
11705,0,Zoom
11706,0,
11707,0,Zoom
11708,0,Zoom
11709,0,Zoom
11711,0,Zoom
11712,0,Zoom
11713,0,Zoom
11714,0,Zoom
11715,0,Zoom
11716,0,Zoom
11717,0,Zoom
11718,0,Zoom
11755,0,Hybrid; Instagram
11756,0,Zoom
11757,0,Zoom
11758,0,
11759,0,Zoom
11760,0,Zoom
11761,0,Zoom
11762,0,Zoom
11763,0,Zoom
11764,0,Zoom
11765,0,Zoom
11766,0,Zoom
11767,0,Zoom
11768,0,Zoom
11769,0,Hybrid; Zoom
11770,0,Hybrid; Zoom
11771,0,Hybrid; Zoom
11772,0,Zoom
11774,0,Facebook Live; Zoom
11775,0,Zoom
11776,1,Zoom
11777,0,Zoom
11778,1,
11779,1,Zoom
11780,0,Zoom
11781,0,
11782,0,
11783,0,Zoom
11784,0,Zoom
11785,0,
11786,1,Facebook Live
11787,0,Zoom
11788,0,Zoom
11791,0,Zoom
11792,0,Zoom
11793,0,Zoom
11794,0,Zoom
11811,0,Zoom
11812,0,Zoom
11814,0,Zoom
11815,0,Zoom
11816,0,Zoom
11817,0,Zoom
11818,0,Zoom
11819,0,Zoom
11820,0,Zoom
11821,0,Zoom
11822,0,Zoom
11823,0,Zoom
11824,0,Zoom
11825,0,Zoom
11826,0,Zoom
11827,0,Zoom
11828,0,Zoom
11829,0,Zoom
11830,0,Zoom
11831,0,Zoom
11832,0,Zoom
11833,0,
11834,0,Zoom
11835,0,Zoom
11836,0,Zoom
11837,0,Zoom
11838,0,Zoom
11839,0,Zoom
11840,0,Zoom
11841,0,
11842,0,Zoom
11843,0,Zoom
11844,0,Zoom
11845,0,Zoom
11846,0,Zoom
11847,0,Zoom
11848,0,Zoom
11849,0,Zoom
11853,0,
11854,0,Zoom
11855,0,Zoom
11856,0,Zoom
11857,0,Zoom
11858,0,Zoom
11859,0,Zoom
11860,0,Zoom
11861,0,Zoom
11862,0,Zoom
11863,0,Zoom
11864,0,Zoom
11865,0,Zoom
11866,0,Zoom
11870,0,
11871,0,
11872,0,
11873,0,
11874,0,
11875,0,
11876,0,
11877,0,Zoom
11878,0,
11879,0,Zoom
11880,0,Zoom
11881,0,Zoom
11882,0,Zoom
11883,0,
11884,0,Zoom
11885,0,Zoom
11886,0,Zoom
11887,0,Zoom
11888,0,Zoom
11889,0,Zoom
11891,0,
11892,0,Zoom
11893,0,Zoom
11894,0,Zoom
11898,0,Zoom
11899,0,Zoom
11900,0,Zoom
11901,0,Zoom
11902,0,Zoom
11903,0,Zoom
11904,0,Zoom
11905,0,Zoom
11906,0,
11907,0,Zoom
11908,0,Zoom
11913,0,Zoom
11914,0,Zoom
11915,0,Zoom
11916,0,Zoom
11917,0,Zoom
11918,0,Zoom
11925,0,Zoom
11927,0,Zoom
11928,0,Zoom
11929,0,Zoom
11930,0,Zoom
11934,0,Zoom
11935,0,
11936,0,YouTube; Zoom
11937,0,
11943,0,Zoom
11944,0,Zoom
11945,0,Zoom
11946,0,Zoom
11947,0,Zoom
11948,0,Zoom
11949,0,Zoom
11950,0,Zoom
11952,0,Zoom
11953,0,Zoom
11954,0,Zoom
11955,0,Zoom
11956,0,Zoom
11957,0,Zoom
11958,0,Zoom
11962,0,Zoom
11963,0,Zoom
11964,0,Zoom
11965,0,Zoom
11966,0,Zoom
11967,0,Zoom
11968,0,Zoom
11969,0,Zoom
11970,0,Zoom
11971,0,Zoom
11972,0,Zoom
11973,0,Zoom
11974,0,Zoom
11975,0,Vimeo
11981,0,Zoom
11987,1,Zoom
11988,0,Zoom
11989,0,Zoom
11991,0,Zoom
11992,0,Zoom
11993,0,
12022,1,Vimeo
12023,1,Vimeo
12024,1,Facebook
12025,1,Facebook
12026,1,Facebook
12027,1,Facebook
12028,1,Facebook
12029,1,Facebook
12030,0,
12031,0,
12032,0,
12033,0,
12034,0,
12035,0,
12036,0,
12038,0,
12047,0,
12048,1,
12049,1,
12053,0,
12059,0,Zoom
12060,0,Zoom
12061,0,
12063,0,
12064,0,
12088,1,YouTube
12089,1,YouTube
12091,1,YouTube
12092,1,YouTube
12093,1,YouTube
12094,1,Facebook
12095,1,YouTube
12096,1,YouTube
12097,1,YouTube
12098,1,YouTube
12099,1,
12100,1,YouTube
12101,1,YouTube
12102,1,YouTube
12103,1,YouTube
12104,1,YouTube
12105,1,YouTube
12106,1,YouTube
12107,1,YouTube
12108,1,YouTube
12109,1,YouTube
12110,1,YouTube
12111,1,
12112,1,YouTube
12113,1,YouTube
12114,1,YouTube
12116,1,YouTube
12117,1,YouTube
12119,1,YouTube
12213,1,Facebook Live
12226,1,Zoom
12227,1,Zoom
12228,1,Zoom
12230,1,Zoom
12232,1,YouTube
12234,1,Facebook Live
12235,0,
12236,0,
12237,1,Zoom
12238,0,Zoom
12239,1,Zoom
12251,0,
12253,0,
12255,1,YouTube; Zoom
12257,1,YouTube; Zoom
12259,1,YouTube; Zoom
12260,1,YouTube; Zoom
12261,1,YouTube; Zoom
12262,1,YouTube; Zoom
12263,1,YouTube; Zoom
12264,1,YouTube; Zoom
12268,1,YouTube; Zoom
12269,1,YouTube; Zoom
12271,1,YouTube; Zoom
12272,1,YouTube; Zoom
12273,1,YouTube; Zoom
12274,0,
12280,1,YouTube; Zoom
12281,1,YouTube; Zoom
12282,1,YouTube; Zoom
12283,1,YouTube; Zoom
12284,1,YouTube; Zoom
12285,1,YouTube; Zoom
12292,1,YouTube; Zoom
12293,1,YouTube; Zoom
12294,1,YouTube; Zoom
12295,1,YouTube; Zoom
12296,1,YouTube; Zoom
12298,1,YouTube; Zoom
12299,1,YouTube; Zoom
12300,1,YouTube; Zoom
12301,1,YouTube; Zoom
12302,1,YouTube; Zoom
12305,1,YouTube; Zoom
12306,1,YouTube; Zoom
12307,1,YouTube; Zoom
12308,1,YouTube; Zoom
12309,1,YouTube; Zoom
12310,0,
12311,1,YouTube; Zoom
12316,0,
12317,0,
12318,1,YouTube; Zoom
12319,1,YouTube; Zoom
12320,1,YouTube; Zoom
12321,1,YouTube; Zoom
12322,1,YouTube; Zoom
12323,1,YouTube; Zoom
12324,1,YouTube; Zoom
12325,1,YouTube; Zoom
12326,1,YouTube; Zoom
12327,1,YouTube; Zoom
12328,1,YouTube; Zoom
12329,1,YouTube; Zoom
12330,1,YouTube; Zoom
12331,1,YouTube; Zoom
12332,1,YouTube; Zoom
12333,1,YouTube; Zoom
12334,1,Zoom
12336,1,Zoom
12338,1,Zoom
12339,0,Zoom
12340,1,YouTube; Zoom
12341,1,YouTube; Zoom
12342,1,YouTube; Zoom
12344,1,Facebook Live
12345,1,Facebook Live
12346,1,Facebook Live
12347,0,Facebook Live
12348,1,YouTube; Zoom
12349,1,YouTube; Zoom
12350,1,YouTube; Zoom
12351,0,
12352,1,YouTube
12353,0,Zoom
12354,1,YouTube; Zoom
12355,1,YouTube; Zoom
12363,1,YouTube; Zoom
12364,1,YouTube; Zoom
12365,0,YouTube; Zoom
12366,0,YouTube; Zoom
12367,1,YouTube; Zoom
12368,0,YouTube; Zoom
12369,0,YouTube
12371,0,Zoom
12372,0,
12373,0,
12377,0,Zoom
12381,0,
12383,0,Facebook
12384,0,YouTube
12385,0,YouTube
12386,0,YouTube
12388,0,Facebook
12390,1,YouTube
12391,0,Facebook
12392,0,Demio
12393,0,Facebook
12394,0,YouTube
12395,1,Facebook
12396,1,YouTube
12397,1,Facebook
12398,0,YouTube
12400,0,
12401,0,YouTube
12402,1,YouTube
12403,1,YouTube
12404,1,YouTube; Zoom
12405,1,YouTube
12406,1,YouTube; Zoom
12407,1,YouTube
12408,1,YouTube; Zoom
12409,1,YouTube
12410,0,YouTube; Zoom
12411,1,YouTube; Zoom
12412,1,YouTube
12413,1,YouTube; Zoom
12414,1,YouTube
12415,0,
12416,0,
12417,0,
12418,0,
12421,1,Facebook Live
12422,1,Facebook Live
12423,1,Facebook Live
12424,1,Facebook Live
12425,1,
12426,1,Facebook Live
12427,1,Facebook Live
12429,1,YouTube; Zoom
12430,1,YouTube
12432,0,Zoom
12433,0,Zoom
12434,0,Zoom
12435,0,Zoom
12436,0,
12437,0,
12438,0,
12439,0,
12440,0,
12441,1,YouTube
12442,0,
12443,1,YouTube
12444,1,YouTube
12445,0,
12446,0,
12447,1,YouTube; Zoom
12448,0,
12449,1,YouTube
12450,0,
12451,1,YouTube
12452,0,
12453,0,
12454,0,
12455,0,Zoom
12456,1,YouTube; Zoom
12458,1,YouTube; Zoom
12459,1,YouTube; Zoom
12460,0,
12461,0,Zoom
12463,1,YouTube; Zoom
12464,1,YouTube
12465,1,YouTube; Zoom
12466,0,
12467,0,
12468,0,
12469,0,
12470,0,
12471,0,
12472,1,
12474,1,Zoom
12475,1,Zoom
12476,1,Zoom
12477,1,Zoom
12479,1,Zoom
12480,1,Zoom
12482,0,Zoom
12483,0,
12485,0,Zoom
12486,0,Zoom
12488,0,Zoom
12489,0,Zoom
12490,0,Zoom
12492,0,Zoom
12493,0,
12495,1,
12496,1,
12497,1,
12498,1,
12499,1,
12500,1,
12501,1,
12502,1,
12503,1,
12504,1,
12505,1,
12506,1,
12507,1,
12508,1,
12509,1,
12510,1,
12511,1,
12512,1,
12513,1,
12514,1,
12515,1,
12516,1,
12517,1,
12518,1,
12519,1,
12520,1,
12521,1,
12522,1,
12524,1,
12525,1,
12527,0,Zoom
12529,1,Zoom
12530,1,Zoom
12533,0,
12534,0,
12536,0,
12537,0,
12540,0,
12541,0,
12542,0,
12543,0,
12544,0,
12545,0,
12547,0,
12548,0,
12549,0,
12550,0,
12551,0,
12552,0,
12553,0,
12554,1,
12555,0,
12557,1,
12558,1,
12559,1,
12561,0,
12563,1,
12564,1,
12565,1,
12566,1,
12568,1,
12569,1,
12570,1,
12571,1,
12572,1,
12573,1,
12574,1,
12575,1,
12577,1,Zoom
12578,1,Zoom
12579,1,Zoom
12580,0,Zoom
12581,0,Zoom
12582,0,
12583,0,
12584,0,
12585,0,
12586,0,
12587,0,
12588,0,
12589,0,
12590,0,
12591,0,
12592,0,
12593,0,
12594,0,
12595,0,
12596,0,
12597,0,
12598,0,
12599,0,
12600,0,
12601,0,
12602,0,
12603,0,
12604,0,
12605,0,
12606,0,
12607,0,
12608,0,
12609,0,
12610,0,
12611,0,
12612,0,
12613,0,
12614,0,
12615,1,
12616,1,
12617,1,
12652,1,
12654,1,Zoom
12655,0,
12656,0,
12658,0,
12659,0,Zoom
12660,1,
12661,0,
12662,1,
12663,0,
12664,0,Zoom
12665,1,
12666,1,
12667,1,
12668,1,
12669,1,
12670,0,
12671,1,
12672,1,
12673,1,
12674,0,Zoom
12675,0,Zoom
12676,0,
12677,1,
12678,0,Zoom
12679,1,
12680,1,
12681,0,Zoom
12682,1,
12683,1,
12684,1,
12685,0,
12686,1,
12687,1,
12688,0,Zoom
12689,0,Zoom
12690,0,Zoom
12691,0,Zoom
12692,0,Zoom
12693,0,Zoom
12697,0,
12698,0,
12699,0,
12700,1,
12701,1,
12702,1,
12703,1,
12704,1,
12705,1,
12706,1,
12707,1,
12708,1,
12709,1,
12710,0,
12711,0,
12712,1,
12713,0,
12714,0,
12715,0,Facebook
12716,1,
12718,1,
12719,0,Facebook
12720,0,Zoom
12721,1,
12722,1,
12723,0,Zoom
12724,1,
12725,0,Zoom
12727,0,Zoom
12728,1,
12729,1,
12730,0,
12731,1,
12732,0,
12733,0,Zoom
12734,0,
12735,1,
12736,1,
12737,1,
12738,1,
12739,1,
12740,1,
12741,1,
12742,0,Zoom
12743,0,Zoom
12744,0,Zoom
12745,0,Zoom
12746,0,Zoom
12747,0,Zoom
12748,0,Zoom
12749,0,Zoom
12750,0,Zoom
12751,0,Zoom
12752,0,Zoom
12753,0,Zoom
12754,1,
12755,1,
12756,1,
12757,1,
12758,1,
12759,1,
12760,1,
12761,1,
12762,1,
12763,1,
12764,0,Zoom
12765,0,Zoom
12766,0,Zoom
12768,0,Zoom
12769,0,Zoom
12770,0,
12773,0,Zoom
12774,0,Zoom
12775,0,
12777,0,
12778,0,
12779,0,
12780,0,Zoom
12781,0,
12782,0,
12786,0,
12787,0,
12788,0,
12791,1,
12792,0,
12794,1,
12795,1,
12797,0,Zoom
12798,0,Zoom
12799,0,Zoom
12800,0,Zoom
12801,1,
12802,0,Zoom
12803,0,Zoom
12804,1,Zoom
12805,0,Zoom
12806,0,Zoom
12807,1,Zoom
12808,0,Zoom
12809,0,Zoom
12810,0,Crowdcast
12811,0,Crowdcast
12812,0,Crowdcast
12813,0,Crowdcast
12814,0,Crowdcast
12815,0,Crowdcast
12816,0,Crowdcast
12817,0,Crowdcast
12818,0,Crowdcast
12819,0,Crowdcast
12820,0,Crowdcast
12821,0,Crowdcast
12822,0,Crowdcast
12823,0,Crowdcast
12824,0,Crowdcast
12825,0,Zoom
12826,0,Zoom
12827,0,Zoom
12828,0,
12879,0,
12880,0,
12881,1,Facebook Live
12882,1,Zoom
12883,1,Zoom
12884,1,Zoom
12885,0,
12886,0,
12887,0,Facebook Live
12888,0,Facebook Live
12889,0,Facebook Live
12890,1,Zoom
12891,0,
12892,1,Facebook Live; Zoom
12893,0,Zoom
12894,1,Facebook Live; Zoom
12895,1,Facebook Live; Zoom
12896,1,Facebook Live; Zoom
12897,1,Facebook Live; Zoom
12898,1,Facebook Live; Zoom
12899,1,Facebook Live; Zoom
12900,0,
12901,1,Facebook Live; Zoom
12902,0,
12903,1,Facebook Live; Zoom
12904,1,Facebook Live; Zoom
12905,0,
12906,0,
12907,0,
12908,0,
12909,0,
12910,0,Zoom
12911,0,Zoom
12912,0,Zoom
12914,0,Zoom
12915,0,Zoom
12916,0,Zoom
12917,0,Zoom
12918,0,Zoom
12919,0,Zoom
12920,0,Zoom
12921,0,Zoom
12922,0,Zoom
12923,1,
12924,1,
12925,1,
12927,0,Zoom
12928,1,
12929,1,
12931,1,
12932,0,Zoom
12933,0,Zoom
12934,0,Zoom
12935,0,Zoom
12936,0,Zoom
12937,0,
12938,0,Zoom
12939,0,Zoom
12940,0,Zoom
12941,0,Zoom
12942,0,Zoom
12943,0,Zoom
12944,0,Zoom
12945,0,Zoom
12946,0,Zoom
12947,0,Zoom
12948,0,Zoom
12949,0,Zoom
12950,0,Zoom
12951,0,Zoom
12952,0,
12953,0,Zoom
12955,0,Zoom
12956,0,Zoom
12957,0,Zoom
12958,0,Zoom
12959,0,Zoom
12960,0,Zoom
12961,0,Zoom
12962,0,
12963,0,Zoom
12964,0,
12965,0,
12966,0,
12967,0,
12968,0,Zoom
12969,0,Zoom
12970,0,Zoom
12971,0,Zoom
12972,0,
12973,0,Zoom
12974,0,Zoom
12975,0,Zoom
12976,0,Zoom
12977,0,Zoom
12978,0,Zoom
12979,0,Zoom
12980,0,Zoom
12981,0,
12982,0,
12983,0,
12984,0,
12985,0,
12986,0,
12987,0,
12988,0,
12989,0,Zoom
12990,0,
12991,0,
12992,0,YouTube
12993,0,
12994,0,
12997,1,
12998,1,
12999,1,
13000,1,
13001,1,
13002,1,
13003,1,
13004,1,
13005,1,
13006,1,
13007,1,
13008,1,
13009,1,
13010,1,
13011,1,
13012,1,
13013,1,
13014,1,
13015,1,
13016,1,
13017,1,
13018,1,
13019,1,
13021,1,
13022,1,
13023,1,
13024,1,
13025,1,
13026,1,
13027,1,
13028,1,
13029,1,
13030,1,
13031,1,
13032,1,
13033,1,
13034,1,
13035,1,
13036,1,
13037,1,
13038,1,
13040,1,Zoom
13041,0,
13042,0,
13043,0,
13044,0,
13049,0,
13050,1,Facebook Live
13051,1,Facebook Live
13052,1,Facebook Live
13053,1,Facebook Live
13054,0,Zoom
13055,1,
13057,0,Zoom
13058,0,Zoom
13059,0,Zoom
13060,0,In-person
13061,0,Zoom
13062,0,Zoom
13063,0,Discord
13064,0,
13065,0,Zoom
13066,0,Discord
13067,0,Zoom
13069,0,Zoom
13070,0,Zoom
13071,0,Zoom
13072,0,Zoom
13073,0,Discord
13074,0,Zoom
13075,0,Zoom
13076,0,Zoom
13077,0,Zoom
13078,0,Zoom
13079,0,Zoom
13080,0,Zoom
13081,0,Zoom
13082,0,Facebook Live
13084,0,Zoom
13085,0,Zoom
13086,0,Discord
13087,0,Zoom
13088,1,Zoom
13089,0,Zoom
13090,0,Discord
13091,0,Zoom
13092,0,Zoom
13093,0,Discord
13094,0,Zoom
13095,1,Zoom
13096,0,Zoom
13097,0,Discord
13098,0,Zoom
13099,0,Zoom
13100,0,Zoom
13101,0,Discord
13102,1,Facebook Live
13103,0,Zoom
13104,0,Discord
13105,0,Zoom
13106,0,Discord
13107,0,Discord
13108,0,
13109,0,Discord
13110,0,
13111,0,
13112,0,Zoom
13113,0,
13115,0,Zoom
13116,0,Discord
13117,0,Zoom
13118,0,
13120,0,
13121,0,
13122,0,Discord
13123,0,
13125,0,
13126,0,
13127,0,Spotify; Website
13128,0,Spotify; Website
13130,0,Spotify; Website
13131,0,Spotify; Website
13132,0,Spotify; Website
13133,0,Spotify; Website
13134,0,Spotify; Website
13136,0,Spotify; Website
13137,0,Spotify; Website
13138,1,Facebook Live
13139,1,Facebook Live
13140,1,Facebook Live
13141,1,Facebook Live
13142,1,Facebook Live
13143,0,Facebook Live
13144,1,Facebook Live
13145,1,Facebook Live
13147,1,Facebook Live
13148,1,Facebook Live
13149,1,Facebook Live
13150,1,Facebook Live
13151,1,Facebook Live
13152,1,Facebook Live
13153,1,Facebook Live
13154,1,Facebook Live
13155,1,Facebook Live
13156,0,
13157,0,
13158,0,
13159,0,
13160,0,Facebook Live
13161,0,Facebook Live
13162,0,
13164,1,Facebook Live
13165,1,Facebook Live
13166,0,Facebook Live
13167,1,Facebook Live
13168,0,In-person
13169,1,Facebook Live
13170,0,
13171,0,
13172,0,
13173,0,
13175,0,
13176,0,
13177,0,
13178,0,
13179,0,
13180,0,
13181,0,
13182,0,
13183,0,
13184,0,Zoom
13185,0,Zoom
13186,0,Zoom
13187,0,
13188,0,
13189,0,
13190,0,
13191,0,
13192,0,
13193,0,
13194,0,
13195,0,
13196,0,
13197,0,
13198,0,
13199,0,
13200,0,
13201,0,
13202,0,
13203,0,
13204,0,
13205,0,
13207,0,
13208,0,
13210,0,
13211,0,
13213,0,
13214,0,Zoom
13215,0,Zoom
13216,0,Zoom
13217,0,Zoom
13218,0,Zoom
13219,0,Zoom
13220,0,Zoom
13221,0,Zoom
13222,0,Zoom
13223,0,Zoom
13224,0,Zoom
13225,0,Zoom
13226,0,Zoom
13227,0,Zoom
13228,0,Zoom
13229,0,Zoom
13230,0,Zoom
13231,0,Zoom
13232,0,Zoom
13233,0,Zoom
13234,0,Zoom
13235,0,Zoom
13236,0,Zoom
13237,0,Zoom
13238,0,Zoom
13239,0,Zoom
13240,0,Zoom
13241,0,Zoom
13242,0,Zoom
13243,0,Zoom
13244,0,Zoom
13245,0,Zoom
13246,0,Zoom
13247,0,Zoom
13248,0,Zoom
13249,0,Zoom
13250,0,Zoom
13251,0,Zoom
13252,0,Zoom
13253,0,Zoom
13254,0,Zoom
13255,0,Zoom
13256,0,Zoom
13257,0,Zoom
13258,0,Zoom
13259,0,Zoom
13260,0,Zoom
13261,0,Zoom
13262,0,Zoom
13263,0,Zoom
13264,0,Zoom
13265,0,Zoom
13266,0,Zoom
13267,0,Zoom
13268,0,Zoom
13269,0,Zoom
13270,0,Zoom
13271,0,Zoom
13272,0,Zoom
13273,0,Zoom
13274,0,Zoom
13275,0,Zoom
13276,1,Facebook Live; Zoom
13277,0,Facebook Live
13278,1,Facebook Live
13279,0,Facebook Live
13280,0,
13281,0,
13282,0,
13283,0,
13284,0,
13285,0,
13286,0,
13287,0,
13288,0,
13289,0,
13290,0,
13291,0,
13292,0,Zoom
13293,0,
13294,0,
13296,0,
13297,0,Zoom
13298,0,Zoom
13299,1,Zoom
13301,1,Zoom
13302,1,Zoom
13303,1,Zoom
13304,1,Zoom
13305,1,Zoom
13307,0,
13308,1,Zoom
13309,1,Zoom
13310,1,Zoom
13311,1,Zoom
13312,1,Zoom
13313,1,Zoom
13315,1,Zoom
13316,0,
13317,0,Zoom
13318,0,Zoom
13319,0,Facebook Live
13320,0,Zoom
13321,0,
13322,0,
13323,0,
13324,0,
13325,0,
13326,0,
13327,0,
13328,0,
13329,0,
13330,0,
13331,0,
13332,0,
13333,0,
13334,0,
13335,0,
13336,0,
13337,0,
13338,0,
13339,0,
13340,0,
13341,0,
13342,1,
13343,1,
13344,1,
13345,1,
13346,1,
13348,1,
13349,1,
13350,0,
13351,1,
13352,1,
13353,1,
13354,1,
13355,1,
13356,1,
13357,1,
13358,1,
13359,1,
13360,1,
13361,1,
13362,1,
13363,1,
13364,1,
13365,1,
13366,1,
13367,1,
13368,1,
13369,1,
13370,1,
13371,1,
13372,1,
13373,1,Crowdcast
13376,1,Crowdcast
13377,1,Crowdcast
13378,1,
13379,1,
13380,1,
13381,1,
13382,1,Crowdcast
13383,1,Crowdcast
13384,1,Crowdcast
13385,1,
13386,1,
13387,1,Crowdcast
13388,1,Crowdcast
13389,1,Crowdcast
13390,1,Crowdcast
13391,1,Crowdcast
13394,1,Zoom
13395,1,Zoom
13396,1,Zoom
13397,1,Zoom
13398,1,Zoom
13399,1,Zoom
13400,1,Zoom
13401,1,Zoom
13403,1,Zoom
13404,1,Zoom
13405,1,Zoom
13406,1,Zoom
13407,1,Zoom
13408,0,Zoom
13409,1,Zoom
13410,1,Zoom
13411,1,Zoom
13412,1,Zoom
13413,1,Zoom
13414,1,Zoom
13415,1,Zoom
13416,0,Zoom
13417,1,Zoom
13418,0,Zoom
13419,1,Zoom
13420,1,Zoom
13421,0,Zoom
13422,1,Zoom
13423,0,Zoom
13424,0,Zoom
13425,0,Zoom
13426,0,Zoom
13427,0,
13428,0,Zoom
13429,0,Zoom
13430,0,Zoom
13431,0,Zoom
13432,0,Zoom
13433,0,Zoom
13434,0,
13435,0,Zoom
13436,0,Zoom
13437,0,Zoom
13438,0,Zoom
13439,0,Zoom
13440,0,Zoom
13441,0,Zoom
13442,0,Zoom
13443,0,Zoom
13444,1,Zoom
13445,1,Zoom
13446,1,Zoom
13447,1,Zoom
13448,0,Zoom
13449,1,Zoom
13450,1,Zoom
13451,1,Zoom
13453,0,Zoom
13454,0,Zoom
13455,0,Zoom
13456,0,Zoom
13457,0,Zoom
13458,0,Zoom
13459,0,Zoom
13460,0,Zoom
13461,0,Zoom
13462,0,Zoom
13463,0,Zoom
13464,0,Zoom
13465,0,Zoom
13466,0,Zoom
13468,0,Zoom
13469,0,Zoom
13470,0,Zoom
13471,0,Zoom
13472,0,Zoom
13473,0,Zoom
13474,0,Zoom
13475,0,Zoom
13476,0,Zoom
13477,0,Zoom
13478,0,Zoom
13479,0,Zoom
13480,0,Zoom
13481,0,Zoom
13482,0,Zoom
13483,0,Zoom
13484,0,Zoom
13485,0,Zoom
13486,0,Zoom
13487,0,Zoom
13489,0,Zoom
13490,0,Zoom
13491,0,Zoom
13492,0,Zoom
13493,0,Zoom
13494,0,Zoom
13495,0,Zoom
13496,0,Zoom
13497,0,Zoom
13499,0,Zoom
13500,0,Zoom
13501,0,Zoom
13502,0,Zoom
13503,0,Zoom
13504,0,Zoom
13505,0,Zoom
13506,0,Zoom
13507,0,Zoom
13508,0,Zoom
13509,0,Zoom
13510,0,Zoom
13511,0,Zoom
13513,0,Zoom
13514,0,Zoom
13518,1,Facebook; Instagram; Twitter; YouTube
13519,0,Facebook; Instagram; Twitter; YouTube
13520,1,Facebook; Instagram; Twitter; YouTube
13521,1,Facebook; Instagram; Twitter; YouTube
13522,1,Facebook; Instagram; Twitter; YouTube
13523,1,Facebook; Instagram; Twitter; YouTube
13525,1,Facebook; Instagram; Twitter; YouTube
13526,1,Facebook; Instagram; Twitter; YouTube
13527,1,Facebook; Instagram; Twitter; YouTube
13528,1,Facebook; Instagram; Twitter; YouTube
13529,1,Zoom
13530,1,Facebook; Instagram; Twitter; YouTube
13531,1,Facebook; Instagram; Twitter; YouTube
13532,1,Facebook; Instagram; Twitter; YouTube
13533,1,Zoom
13534,1,Facebook; Instagram; Twitter; YouTube
13535,1,Facebook; Instagram; Twitter; YouTube
13536,1,Facebook; Instagram; Twitter; YouTube
13537,1,Facebook; Instagram; Twitter; YouTube
13538,1,Facebook; Instagram; Twitter; YouTube
13539,1,Facebook; Instagram; Twitter; YouTube
13540,1,Facebook; Instagram; Twitter; YouTube
13541,1,Facebook; Instagram; Twitter; YouTube
13542,1,Zoom
13543,1,Zoom
13544,0,Zoom
13545,1,Zoom
13546,1,Zoom
13547,1,Zoom
13549,1,Zoom
13550,1,Zoom
13551,1,Zoom
13552,1,Zoom
13553,0,Zoom
13555,0,Zoom
13556,0,Zoom
13557,0,Zoom
13558,0,Zoom
13559,1,Zoom
13560,0,Zoom
13562,1,Zoom
13563,1,Zoom
13564,0,Zoom
13565,0,Zoom
13566,0,Zoom
13567,0,Zoom
13568,0,Zoom
13569,0,Zoom
13570,0,Zoom
13571,0,Zoom
13572,0,Zoom
13573,1,Facebook Live
13574,0,Zoom
13575,0,Zoom
13576,0,Zoom
13577,0,Zoom
13578,0,Zoom
13579,0,Zoom
13580,0,Zoom
13581,0,Zoom
13582,0,Zoom
13583,0,
13584,0,Zoom
13585,0,
13586,0,Zoom
13587,0,Zoom
13588,0,Zoom
13589,0,Zoom
13590,0,Zoom
13591,0,Zoom
13592,0,
13593,0,
13594,0,
13595,0,
13596,0,
13597,0,
13598,0,
13599,0,
13600,0,
13601,0,
13602,0,Zoom
13603,0,Zoom
13604,0,Zoom
13605,0,Zoom
13606,0,Zoom
13607,0,Zoom
13608,0,Zoom
13609,0,Zoom
13610,0,Zoom
13611,0,Zoom
13612,0,Zoom
13613,0,Zoom
13614,0,Zoom
13615,0,Zoom
13616,1,Zoom
13617,0,Zoom
13618,0,Zoom
13619,0,Zoom
13620,0,Zoom
13621,0,Zoom
13622,0,Zoom
13623,0,Zoom
13624,0,Zoom
13625,1,Facebook
13627,1,Facebook Live
13628,1,Facebook Live
13629,1,Facebook Live
13630,1,YouTube
13631,1,YouTube
13632,1,YouTube
13633,0,YouTube
13634,1,YouTube
13635,1,YouTube
13636,1,YouTube
13637,1,YouTube
13639,1,YouTube
13640,1,YouTube
13641,1,YouTube
13642,1,YouTube
13643,1,YouTube
13644,1,YouTube
13645,1,YouTube
13646,1,YouTube
13647,1,YouTube
13648,1,YouTube
13649,0,Google Meet
13650,0,Google Meet
13651,0,Google Meet
13652,0,Google Meet
13653,0,Google Meet
13654,0,Google Meet
13655,0,Google Meet
13656,0,Google Meet
13657,0,Google Meet
13658,0,Google Meet
13659,1,Zoom
13660,1,Zoom
13661,1,Zoom
13662,1,Zoom
13663,0,Zoom
13664,0,Zoom
13665,0,Zoom
13666,0,Zoom
13667,0,Zoom
13668,0,Zoom
13669,0,Zoom
13670,0,Zoom
13671,1,Zoom
13672,0,Zoom
13673,1,Zoom
13674,0,Zoom
13675,0,Zoom
13676,0,Zoom
13677,0,Zoom
13678,0,Zoom
13679,0,Zoom
13680,0,Zoom
13681,0,Zoom
13683,0,
13684,0,
13685,0,
13686,0,
13687,0,
13688,0,Zoom
13689,0,
13690,0,
13691,0,
13692,0,
13693,0,Zoom
13694,0,Zoom
13695,0,Zoom
13696,0,Zoom
13697,0,Zoom
13698,0,Zoom
13699,0,Zoom
13700,0,Zoom
13701,0,Zoom
13702,0,
13703,0,
13704,0,
13705,0,Zoom
13706,0,
13707,0,Zoom
13708,0,
13710,0,
13711,0,
13712,0,
13713,0,Zoom
13714,0,Zoom
13715,0,
13716,0,
13718,0,Zoom
13719,0,Zoom
13720,0,Zoom
13721,0,Zoom
13722,0,Zoom
13723,0,Zoom
13724,0,Zoom
13725,0,Zoom
13726,0,Zoom
13727,0,Zoom
13728,0,Zoom
13729,0,Zoom
13730,0,Zoom
13731,0,Zoom
13732,0,
13734,0,
13735,0,
13736,0,
13737,0,
13738,0,
13739,0,
13740,0,
13741,0,
13742,0,Zoom
13744,1,YouTube
13745,0,
13746,0,
13747,0,Zoom
13748,0,
13749,0,Zoom
13750,0,
13751,0,Zoom
13753,0,
13754,0,
13755,0,
13756,0,Zoom
13757,0,Caffeine TV
13758,0,Caffeine TV
13759,0,
13760,0,Caffeine TV
13762,0,
13763,0,Caffeine TV
13764,0,
13765,0,
13766,0,Caffeine TV
13767,0,Caffeine TV
13768,0,Caffeine TV
13769,0,Caffeine TV
13770,0,
13771,0,Zoom
13772,0,Zoom
13773,0,
13775,0,
13776,0,Zoom
13778,0,Zoom
13779,0,Zoom
13780,0,Zoom
13781,0,Zoom
13782,0,Zoom
13783,0,Zoom
13784,0,Zoom
13786,0,Zoom
13787,0,Zoom
13788,0,Zoom
13789,0,Zoom
13790,0,Zoom
13791,0,Zoom
13792,0,Zoom
13793,0,Zoom
13794,0,Zoom
13795,0,Zoom
13796,0,Zoom
13797,0,Zoom
13798,0,Zoom
13799,0,Zoom
13800,0,Zoom
13801,0,Zoom
13802,0,Zoom
13803,0,Zoom
13804,0,Zoom
13806,0,Zoom
13807,0,Zoom
13808,0,Zoom
13809,0,Zoom
13810,0,Zoom
13811,0,Zoom
13812,0,Zoom
13813,0,Zoom
13814,0,Zoom
13815,0,Zoom
13816,0,Zoom
13817,0,Zoom
13818,0,Zoom
13819,0,Zoom
13820,0,Zoom
13821,0,Zoom
13822,0,Zoom
13823,0,Zoom
13824,0,Zoom
13825,0,Zoom
13826,0,Zoom
13827,0,Zoom
13828,0,Zoom
13829,0,Zoom
13830,0,
13831,0,Zoom
13832,0,Zoom
13833,0,Zoom
13834,0,Zoom
13835,0,
13836,0,Zoom
13837,0,Zoom
13838,0,Zoom
13839,0,Zoom
13840,0,Zoom
13841,0,Zoom
13842,0,Zoom
13843,0,Zoom
13844,0,Zoom
13845,0,Zoom
13846,0,
13847,0,Zoom
13848,0,Zoom
13849,0,Zoom
13850,0,Zoom
13851,0,Zoom
13852,0,Zoom
13854,0,Zoom
13855,0,Zoom
13856,0,Zoom
13857,0,Zoom
13859,0,Zoom
13860,0,Zoom
13861,0,Zoom
13862,0,Zoom
13863,0,Zoom
13864,0,Zoom
13865,0,Zoom
13866,0,Zoom
13867,0,Zoom
13868,0,Zoom
13869,0,Zoom
13870,1,Zoom
13872,1,Zoom
13873,1,Zoom
13874,1,Zoom
13875,1,Zoom
13876,1,Zoom
13877,0,Zoom
13878,1,Zoom
13879,0,Zoom
13880,0,Zoom
13881,0,Zoom
13882,1,Zoom
13883,1,Zoom
13884,1,Zoom
13885,0,Zoom
13886,1,Zoom
13887,1,Zoom
13888,1,Zoom
13889,1,Zoom
13890,0,Zoom
13891,0,
13892,0,
13893,0,
13895,1,Facebook Live
13896,1,Zoom
13897,1,Zoom
13898,1,
13899,1,Zoom
13900,1,Zoom
13901,1,Zoom
13905,0,Zoom
13906,1,Zoom
13907,0,Zoom
13908,0,Zoom
13909,0,Zoom
13910,0,Zoom
13911,0,Zoom
13912,0,Zoom
13913,0,Zoom
13914,0,Zoom
13915,0,Zoom
13916,1,Facebook Live
13917,1,Facebook Live
13919,1,Facebook Live
13920,1,Facebook Live
13921,0,Crowdcast
13922,1,Facebook Live; YouTube
13923,1,Facebook Live; YouTube
13924,1,Zoom
13925,1,Zoom
13926,1,
13927,0,
13928,1,Zoom
13929,1,Facebook Live
13930,1,Facebook; YouTube
13932,1,Facebook Live
13933,1,Instagram Live
13934,1,YouTube
13935,1,YouTube
13936,1,YouTube
13937,1,YouTube
13938,1,YouTube
13939,1,YouTube
13940,1,YouTube
13941,1,YouTube
13942,1,YouTube
13943,1,YouTube
13944,1,YouTube
13945,1,
13946,1,YouTube
13947,1,YouTube
13948,1,YouTube
13949,1,YouTube
13950,1,YouTube
13951,1,YouTube
13952,1,Zoom
13953,1,Zoom
13954,1,Zoom
13955,1,Zoom
13956,1,YouTube
13957,1,YouTube
13958,1,Zoom
13959,0,
13960,0,YouTube
13961,1,YouTube
13962,1,YouTube
13963,1,YouTube
13964,0,Crowdcast
13965,1,YouTube
13966,1,YouTube
13967,1,Facebook Live
13969,1,YouTube
13970,1,YouTube
13974,1,YouTube
13975,1,YouTube
13976,1,YouTube
13977,1,YouTube
13978,1,YouTube
13979,1,
13980,1,YouTube
13981,1,YouTube
13982,0,
13983,1,YouTube
13984,0,YouTube
13985,1,YouTube
13986,1,YouTube
13987,1,YouTube
13988,0,YouTube
13989,1,YouTube
13990,1,Instagram Live; YouTube
13991,1,YouTube
13992,1,YouTube
13993,1,YouTube
14125,0,Zoom
14126,0,Zoom
14127,0,Zoom
14128,0,Zoom
14129,0,Zoom
14130,0,Zoom
14131,0,Zoom
14132,0,Zoom
14133,0,Zoom
14134,0,Zoom
14135,0,Zoom
14136,0,Zoom
14138,0,Zoom
14139,0,Zoom
14140,0,Zoom
14141,0,Zoom
14142,0,Zoom
14143,0,Zoom
16085,0,
