SwallowID,Address_City,LatLon_City,Latitude,Longitude,city_used
8192,Vancouver,West End,49.269860,-123.134220,Vancouver
8193,Vancouver,West End,49.269860,-123.134220,Vancouver
8194,Vancouver,West End,49.269860,-123.134220,Vancouver
8213,Windsor,Grosse Pointe Park,42.325140,-82.943060,Windsor
8215,Windsor,Grosse Pointe Park,42.325140,-82.943060,Windsor
8216,Windsor,Grosse Pointe Park,42.325140,-82.943060,Windsor
8217,Windsor,Grosse Pointe Park,42.325140,-82.943060,Windsor
8219,Windsor,Grosse Pointe Park,42.325140,-82.943060,Windsor
8220,Windsor,Grosse Pointe Park,42.325140,-82.943060,Windsor
8221,Windsor,Grosse Pointe Park,42.325140,-82.943060,Windsor
8829,Windsor,Detroit,42.3170990,-83.0353434,Windsor
8830,Windsor,Detroit,42.3170990,-83.0353434,Windsor
8854,Toronto,Concord,43.77409,-79.49302,Toronto
8911,Montréal,Deux-Montagnes,45.5089,-73.8954,Montreal
9090,Vancouver,West End,49.27881,-123.09930,Vancouver
9091,Vancouver,West End,49.27881,-123.09930,Vancouver
9092,Vancouver,West End,49.27881,-123.09930,Vancouver
9094,Vancouver,West End,49.27881,-123.09930,Vancouver
9095,Vancouver,West End,49.27881,-123.09930,Vancouver
9096,Vancouver,West End,49.27881,-123.09930,Vancouver
9097,Vancouver,West End,49.27881,-123.09930,Vancouver
9098,Vancouver,West End,49.27881,-123.09930,Vancouver
9099,Vancouver,West End,49.27881,-123.09930,Vancouver
9100,Vancouver,West End,49.27881,-123.09930,Vancouver
9105,Vancouver,West End,49.27881,-123.09930,Vancouver
9106,Vancouver,West End,49.27881,-123.09930,Vancouver
9340,Guelph/Eramosa,North Perth,43.57734,-80.99895,Guelph
9341,Guelph/Eramosa,North Perth,43.57734,-80.99895,Guelph
9647,Scugog,Uxbridge,44.10506,-78.94449,Scugog
9697,Gagetown Parish,Oromocto,45.78352,-66.14370,Gagetown Parish
9818,Vancouver,West End,49.282829,-123.120458,Vancouver
9822,Vancouver,West End,49.282829,-123.120458,Vancouver
9824,Vancouver,West End,49.282829,-123.120458,Vancouver
9825,Vancouver,West End,49.282829,-123.120458,Vancouver
9826,Vancouver,West End,49.282829,-123.120458,Vancouver
9827,Vancouver,West End,49.282829,-123.120458,Vancouver
9829,Vancouver,West End,49.282829,-123.120458,Vancouver
9830,Vancouver,West End,49.282829,-123.120458,Vancouver
9831,Vancouver,West End,49.282829,-123.120458,Vancouver
9842,Vancouver,West End,49.282829,-123.120458,Vancouver
9844,Vancouver,West End,49.282829,-123.120458,Vancouver
9846,Vancouver,West End,49.282829,-123.120458,Vancouver
9847,Vancouver,West End,49.282829,-123.120458,Vancouver
9848,Vancouver,West End,49.282829,-123.120458,Vancouver
9850,Vancouver,West End,49.282829,-123.120458,Vancouver
9851,Vancouver,West End,49.282829,-123.120458,Vancouver
9853,Vancouver,West End,49.282829,-123.120458,Vancouver
9854,Vancouver,West End,49.282829,-123.120458,Vancouver
9856,Vancouver,West End,49.282829,-123.120458,Vancouver
9860,Vancouver,West End,49.282829,-123.120458,Vancouver
9861,Vancouver,West End,49.282829,-123.120458,Vancouver
9862,Vancouver,West End,49.282829,-123.120458,Vancouver
9864,Vancouver,West End,49.282829,-123.120458,Vancouver
9865,Vancouver,West End,49.282829,-123.120458,Vancouver
9867,Vancouver,West End,49.282829,-123.120458,Vancouver
9868,Vancouver,West End,49.282829,-123.120458,Vancouver
9870,Vancouver,West End,49.282829,-123.120458,Vancouver
9871,Vancouver,West End,49.282829,-123.120458,Vancouver
9872,Vancouver,West End,49.282829,-123.120458,Vancouver
9873,Vancouver,West End,49.282829,-123.120458,Vancouver
9874,Vancouver,West End,49.282829,-123.120458,Vancouver
9875,Vancouver,West End,49.282829,-123.120458,Vancouver
9876,Vancouver,West End,49.282829,-123.120458,Vancouver
9877,Vancouver,West End,49.282829,-123.120458,Vancouver
9878,Vancouver,West End,49.282829,-123.120458,Vancouver
9882,Vancouver,West End,49.282829,-123.120458,Vancouver
9883,Vancouver,West End,49.282829,-123.120458,Vancouver
9884,Vancouver,West End,49.282829,-123.120458,Vancouver
9885,Vancouver,West End,49.282829,-123.120458,Vancouver
9886,Vancouver,West End,49.282829,-123.120458,Vancouver
9887,Vancouver,West End,49.282829,-123.120458,Vancouver
9888,Vancouver,West End,49.282829,-123.120458,Vancouver
9889,Vancouver,West End,49.282829,-123.120458,Vancouver
10034,Area A (Baynes Sound),Port Alberni,49.53321,-124.66571,Hornby Island
10287,Vancouver,West End,49.28353,-123.11144,Vancouver
10461,Vancouver,West End,49.27867,-123.09989,Vancouver
10610,LaHave,Lunenburg,44.29446,-64.35805,LaHave
10611,LaHave,Lunenburg,44.29446,-64.35805,LaHave
10612,LaHave,Lunenburg,44.29446,-64.35805,LaHave
10613,LaHave,Lunenburg,44.29446,-64.35805,LaHave
10614,LaHave,Lunenburg,44.29446,-64.35805,LaHave
10615,LaHave,Lunenburg,44.29446,-64.35805,LaHave
10619,LaHave,Lunenburg,44.29446,-64.35805,LaHave
10620,LaHave,Lunenburg,44.29446,-64.35805,LaHave
10621,LaHave,Lunenburg,44.29446,-64.35805,LaHave
10622,LaHave,Lunenburg,44.29446,-64.35805,LaHave
10623,LaHave,Lunenburg,44.29446,-64.35805,LaHave
10624,LaHave,Lunenburg,44.29446,-64.35805,LaHave
10625,LaHave,Lunenburg,44.29446,-64.35805,LaHave
10626,LaHave,Lunenburg,44.29446,-64.35805,LaHave
10627,LaHave,Lunenburg,44.29446,-64.35805,LaHave
10628,LaHave,Lunenburg,44.29446,-64.35805,LaHave
10629,LaHave,Lunenburg,44.29446,-64.35805,LaHave
10630,LaHave,Lunenburg,44.29446,-64.35805,LaHave
10802,Saskatoon,Langham,52.154,-107.309,Saskatoon
10806,Saskatoon,Langham,52.154,-107.309,Saskatoon
10807,Saskatoon,Langham,52.154,-107.309,Saskatoon
10808,Saskatoon,Langham,52.154,-107.309,Saskatoon
10829,Big River,Shellbrook,53.8323,-107.0357,Big River
10829,Lampman,Estevan,49.3827,-102.7580,Lampman
10846,Bridgetown,Middleton,44.84168,-65.29065,Bridgetown
10847,Bridgetown,Middleton,44.84168,-65.29065,Bridgetown
11526,Windsor,Grosse Pointe Park,42.325140,-82.943060,Windsor
11596,Vancouver,West End,49.269860,-123.134220,Vancouver
11597,Vancouver,West End,49.27702,-123.12490,Vancouver
11598,Vancouver,West End,49.269860,-123.134220,Vancouver
11599,Vancouver,West End,49.27979,-123.12165,Vancouver
11783,Montréal-Ouest,Montreal-Ouest,45.4527,-73.6443,Montréal-Ouest
11784,Montréal-Ouest,Montreal-Ouest,45.4527,-73.6443,Montréal-Ouest
11993,Baddeck,Sydney Mines,46.10350,-60.74562,Baddeck
12030,Baddeck,Sydney Mines,46.10066,-60.74832,Baddeck
12031,Whycocomagh 2,Princeville,45.972042,-61.132343,Whycocomagh 2
12032,Baddeck,Sydney Mines,46.10066,-60.74832,Baddeck
12033,Baddeck,Sydney Mines,46.10350,-60.74562,Baddeck
12034,Baddeck,Sydney Mines,46.10350,-60.74562,Baddeck
12035,Baddeck,Sydney Mines,46.10066,-60.74832,Baddeck
12036,Margaree Forks,Princeville,46.3288,-61.1202,Margaree Forks
12038,Cheticamp,Sydney Mines,46.6307,-61.0051,Cheticamp
12048,Montréal,Deux-Montagnes,45.5089,-73.8954,Montreal
12094,Toronto,Concord,43.77409,-79.49302,Toronto
12235,La Pêche,Wakefield,45.6325955,-75.9315661,La Pêche
12310,La Pêche,Wakefield,45.6325955,-75.9315661,La Pêche
12316,La Pêche,Wakefield,45.6325955,-75.9315661,La Pêche
12317,La Pêche,Wakefield,45.6325955,-75.9315661,La Pêche
12952,Côte-Saint-Luc,Hampstead,45.47760,-73.66458,Côte-Saint-Luc
13175,Montréal,Longueuil,45.54659,-73.54408,Montreal
13585,Montréal,Mont-Royal,45.5356,-73.6284,Montreal
13601,Montréal,Saint-Raymond,45.46871,-73.61910,Montreal
13602,Montréal,Saint-Raymond,45.46871,-73.61910,Montreal
13603,Montréal,Saint-Raymond,45.46871,-73.61910,Montreal
13604,Montréal,Saint-Raymond,45.46871,-73.61910,Montreal
13605,Montréal,Saint-Raymond,45.46871,-73.61910,Montreal
13606,Montréal,Saint-Raymond,45.46871,-73.61910,Montreal
13607,Montréal,Saint-Raymond,45.46871,-73.61910,Montreal
13608,Montréal,Saint-Raymond,45.46871,-73.61910,Montreal
13609,Montréal,Saint-Raymond,45.46871,-73.61910,Montreal
13610,Montréal,Saint-Raymond,45.46871,-73.61910,Montreal
13611,Montréal,Saint-Raymond,45.46871,-73.61910,Montreal
13612,Montréal,Saint-Raymond,45.46871,-73.61910,Montreal
13613,Montréal,Saint-Raymond,45.46871,-73.61910,Montreal
13614,Montréal,Saint-Raymond,45.46871,-73.61910,Montreal
13615,Montréal,Saint-Raymond,45.46871,-73.61910,Montreal
13625,Surrey,New Westminster,49.19064,-122.84939,Surrey
13627,Surrey,New Westminster,49.19064,-122.84939,Surrey
13628,Surrey,New Westminster,49.19064,-122.84939,Surrey
13629,Surrey,New Westminster,49.19064,-122.84939,Surrey
13630,Surrey,New Westminster,49.19064,-122.84939,Surrey
13631,Surrey,New Westminster,49.19064,-122.84939,Surrey
13632,Surrey,New Westminster,49.19064,-122.84939,Surrey
13633,Surrey,New Westminster,49.19064,-122.84939,Surrey
13634,Surrey,New Westminster,49.19064,-122.84939,Surrey
13635,Surrey,New Westminster,49.19064,-122.84939,Surrey
13636,Surrey,New Westminster,49.19064,-122.84939,Surrey
13637,Surrey,New Westminster,49.19064,-122.84939,Surrey
13639,Surrey,New Westminster,49.19064,-122.84939,Surrey
13640,Surrey,New Westminster,49.19064,-122.84939,Surrey
13641,Surrey,New Westminster,49.19064,-122.84939,Surrey
13642,Surrey,New Westminster,49.19064,-122.84939,Surrey
13643,Surrey,New Westminster,49.19064,-122.84939,Surrey
13644,Surrey,New Westminster,49.19064,-122.84939,Surrey
13645,Surrey,New Westminster,49.19064,-122.84939,Surrey
13646,Surrey,New Westminster,49.19064,-122.84939,Surrey
13647,Surrey,New Westminster,49.19064,-122.84939,Surrey
13648,Surrey,New Westminster,49.19064,-122.84939,Surrey
13719,Ottawa,Bells Corners,45.2430,-75.8002,Ottawa
13720,Ottawa,Bells Corners,45.2430,-75.8002,Ottawa
13721,Ottawa,Bells Corners,45.2430,-75.8002,Ottawa
13722,Ottawa,Bells Corners,45.2430,-75.8002,Ottawa
13723,Ottawa,Bells Corners,45.2430,-75.8002,Ottawa
13724,Ottawa,Bells Corners,45.2430,-75.8002,Ottawa
13725,Ottawa,Bells Corners,45.2430,-75.8002,Ottawa
13726,Ottawa,Bells Corners,45.2430,-75.8002,Ottawa
13727,Ottawa,Bells Corners,45.2430,-75.8002,Ottawa
13728,Ottawa,Bells Corners,45.2430,-75.8002,Ottawa
13729,Ottawa,Bells Corners,45.2430,-75.8002,Ottawa
13730,Ottawa,Bells Corners,45.2430,-75.8002,Ottawa
13731,Ottawa,Bells Corners,45.2430,-75.8002,Ottawa
13734,Vancouver,West End,49.27966,-123.11540,Vancouver
13735,Vancouver,West End,49.27966,-123.11540,Vancouver
13736,Vancouver,West End,49.27966,-123.11540,Vancouver
13737,Vancouver,West End,49.27966,-123.11540,Vancouver
13738,Vancouver,West End,49.27966,-123.11540,Vancouver
13739,Vancouver,West End,49.27966,-123.11540,Vancouver
13740,Vancouver,West End,49.27966,-123.11540,Vancouver
13741,Vancouver,West End,49.27966,-123.11540,Vancouver
13742,Vancouver,West End,49.27966,-123.11540,Vancouver
13744,Vancouver,West End,49.27966,-123.11540,Vancouver
13745,Vancouver,West End,49.27966,-123.11540,Vancouver
13746,Vancouver,West End,49.27966,-123.11540,Vancouver
13747,Vancouver,West End,49.27966,-123.11540,Vancouver
13748,Vancouver,West End,49.27966,-123.11540,Vancouver
13749,Vancouver,West End,49.27966,-123.11540,Vancouver
13750,Vancouver,West End,49.27966,-123.11540,Vancouver
13751,Vancouver,West End,49.27966,-123.11540,Vancouver
13753,Vancouver,West End,49.27966,-123.11540,Vancouver
13754,Vancouver,West End,49.27966,-123.11540,Vancouver
13755,Vancouver,West End,49.27966,-123.11540,Vancouver
13756,Vancouver,West End,49.27966,-123.11540,Vancouver
13757,Vancouver,West End,49.27966,-123.11540,Vancouver
13758,Vancouver,West End,49.27966,-123.11540,Vancouver
13759,Vancouver,West End,49.27966,-123.11540,Vancouver
13760,Vancouver,West End,49.27966,-123.11540,Vancouver
13762,Vancouver,West End,49.27966,-123.11540,Vancouver
13763,Vancouver,West End,49.27966,-123.11540,Vancouver
13764,Vancouver,West End,49.27966,-123.11540,Vancouver
13765,Vancouver,West End,49.27966,-123.11540,Vancouver
13766,Vancouver,West End,49.27966,-123.11540,Vancouver
13767,Vancouver,West End,49.27966,-123.11540,Vancouver
13768,Vancouver,West End,49.27966,-123.11540,Vancouver
13769,Vancouver,West End,49.27966,-123.11540,Vancouver
