source,target,type
"event::Argo Zoom Reading: Verse, Prose & Song","creator::Ferrier, Ian",undirected
event::Tree September Reading with Brandon Wint & Titilope Sonuga,"creator::Wint, Brandon",undirected
event::Tree Reading Series ft. Joy Priest & Tina Zafreen Alam,"creator::Wint, Brandon",undirected
"event::Tree Reading Series ft. Jody Chan & Eunice Andrada
","creator::Wint, Brandon",undirected
event::Tree Reading Series Ft. Nisha Patel & Naima Yael Tokunow,"creator::Patel, Nisha",undirected
event::Tree Reading Series Ft. Nisha Patel & Naima Yael Tokunow,"creator::Wint, Brandon",undirected
event::Tree Reading Series ft. Terese Mason Pierre & Tatiana Johnson-Boria,"creator::Wint, Brandon",undirected
event::Tree Reading Series ft. Sanna Wani & Em Dial,"creator::Wint, Brandon",undirected
event::Tree Reading Series ft. Inam Kang & Taylor Byas,"creator::Wint, Brandon",undirected
event::Tree Reading Series: Natasha Ramoutar & Marianne Chan,"creator::Wint, Brandon",undirected
event::Words & Music Online this Sunday,"creator::Ferrier, Ian",undirected
event::Words & Music Online this Sunday,"creator::Camlot, Jason",undirected
event::Words & Music Online for the C(r)oolest Month,"creator::Ferrier, Ian",undirected
event::Words & Music Online for the C(r)oolest Month,"creator::Camlot, Jason",undirected
event::Say Play and Dance at Words & Music Online,"creator::Camlot, Jason",undirected
event::Say Play and Dance at Words & Music Online,"creator::Ferrier, Ian",undirected
event::Words & Music Solstice Show Sunday online,"creator::Camlot, Jason",undirected
event::Words & Music Solstice Show Sunday online,"creator::Ferrier, Ian",undirected
"event::Silvervest, Barillaro, Paré and Mash at W&M Show Sunday","creator::Camlot, Jason",undirected
"event::Silvervest, Barillaro, Paré and Mash at W&M Show Sunday","creator::Ferrier, Ian",undirected
event::Summer in September at W&M Sunday,"creator::Camlot, Jason",undirected
event::Summer in September at W&M Sunday,"creator::Ferrier, Ian",undirected
"event::Souaid, Scott, Sweet, Anderson and Video Winners Sunday","creator::Ferrier, Ian",undirected
"event::Souaid, Scott, Sweet, Anderson and Video Winners Sunday","creator::Camlot, Jason",undirected
event::Black Writers Out Loud Sunday,"creator::Camlot, Jason",undirected
event::Black Writers Out Loud Sunday,"creator::Ferrier, Ian",undirected
event::International Poets and Performers Sunday,"creator::Camlot, Jason",undirected
event::International Poets and Performers Sunday,"creator::Ferrier, Ian",undirected
event::Black Writers/Black History,"creator::Ferrier, Ian",undirected
event::Black Writers/Black History,"creator::Camlot, Jason",undirected
"event::Argo Zoom Reading Series: Verse, Prose & Song","creator::Ferrier, Ian",undirected
event::The Light Returns March 21st,"creator::Camlot, Jason",undirected
event::The Light Returns March 21st,"creator::Ferrier, Ian",undirected
"event::Poets, Music, Video and Art on Sunday","creator::Ferrier, Ian",undirected
"event::Poets, Music, Video and Art on Sunday","creator::Ferrier, Ian",undirected
"event::Poets, Music, Video and Art on Sunday","creator::Camlot, Jason",undirected
event::SpokenWeb Words & Music,"creator::Camlot, Jason",undirected
event::SpokenWeb Words & Music,"creator::Ferrier, Ian",undirected
event::VerseFest 2020: Urban Legends,"creator::Wint, Brandon",undirected
"event::Argo Zoom Reading Series: Verse, Prose & Song","creator::Ferrier, Ian",undirected
event::Reimagining Disability,"creator::Wint, Brandon",undirected
"event::Richard Van Camp: ""The Power of Stories and The Medicine They Carry""","creator::Van Camp, Richard",undirected
"event::Jillian Horton: ""We Are All Perfectly Fine""","creator::Camlot, Jason",undirected
"event::Jillian Horton: ""We Are All Perfectly Fine""","creator::Ferrier, Ian",undirected
event::Here & Now: Queer Italian Canadian readings (April),"creator::DiRaddo, Christopher",undirected
"event::Book Launch: Christopher DiRaddo’s The Family Way
","creator::DiRaddo, Christopher",undirected
event::Angel Wing Splash Pattern,"creator::Van Camp, Richard",undirected
event::THE VIOLET HOUR,"creator::DiRaddo, Christopher",undirected
event::Single Onion #168,"creator::Patel, Nisha",undirected
event::Coconut Launch / Nisha's Birthday,"creator::Patel, Nisha",undirected
event::Indie Reading Room: Richard Van Camp,"creator::Van Camp, Richard",undirected
"event::Gather with Richard Van Camp
","creator::Van Camp, Richard",undirected
event::LitFest 2020,"creator::Patel, Nisha",undirected
event::LitFest 2020,"creator::Wint, Brandon",undirected
"event::WS1. How to Craft a Compelling Story
","creator::Van Camp, Richard",undirected
event::Ian Ferrier and Ella Zeltserman,"creator::Ferrier, Ian",undirected
"event::Booknanza! Part Two: Schneider, Heslop & Englert with Clayton and Wint","creator::Wint, Brandon",undirected
event::The Violet Hour,"creator::DiRaddo, Christopher",undirected
event::An Orphan World (Violet Hour Book Club) — Online,"creator::DiRaddo, Christopher",undirected
event::Age of Union (Violet Hour Book Club),"creator::DiRaddo, Christopher",undirected
event::The Great Believers (Violet Hour Book Club),"creator::DiRaddo, Christopher",undirected
event::I Hope We Choose Love / The Normal Heart (Violet Hour Book Club),"creator::DiRaddo, Christopher",undirected
event::What Belongs to You (Violet Hour Book Club),"creator::DiRaddo, Christopher",undirected
event::The New Testament (Violet Hour Book Club),"creator::DiRaddo, Christopher",undirected
event::Édition 360 - The Violet Hour presented by FIDO,"creator::DiRaddo, Christopher",undirected
event::Édition 360 - Waltpaper: New York Club Kids presented by FIDO,"creator::DiRaddo, Christopher",undirected
event::Rubyfruit Jungle (Violet Hour Book Club),"creator::DiRaddo, Christopher",undirected
event::My Cat Yugoslavia (Violet Hour Book Club),"creator::DiRaddo, Christopher",undirected
event::Kathleen McCraken and Brandon Wint,"creator::Wint, Brandon",undirected
"event::Literary Cocktails
","creator::Patel, Nisha",undirected
"event::Montreal Review of Books Summer Launch
","creator::DiRaddo, Christopher",undirected
event::The Power of the Spoken Word,"creator::Patel, Nisha",undirected
event::Auspicious Debuts,"creator::Patel, Nisha",undirected
event::The City and the Pillar & The Boys in the Band (Violet Hour Book Club),"creator::DiRaddo, Christopher",undirected
event::Break in Case of Emergency (Violet Hour Book Club),"creator::DiRaddo, Christopher",undirected
event::Fun Home (Violet Hour Book Club),"creator::DiRaddo, Christopher",undirected
event::A History of My Brief Body / Funny Boy (Violet Hour Book Club),"creator::DiRaddo, Christopher",undirected
event::Maurice (Violet Hour Book Club),"creator::DiRaddo, Christopher",undirected
event::The Violet Hour,"creator::DiRaddo, Christopher",undirected
event::We Have Always Been Here (Violet Hour Book Club),"creator::DiRaddo, Christopher",undirected
event::The Violet Hour,"creator::DiRaddo, Christopher",undirected
event::December Flywheel,"creator::Wint, Brandon",undirected
event::Montreal Stories,"creator::DiRaddo, Christopher",undirected
event::Amanda Leduc: The Centaur's Wife,"creator::Patel, Nisha",undirected
"event::Decolonizing the Narrative Conversation Series: Richard Van Camp

","creator::Van Camp, Richard",undirected
event::Mysterious Skin (Violet Hour Book Club),"creator::DiRaddo, Christopher",undirected
event::THE VIOLET HOUR,"creator::DiRaddo, Christopher",undirected
event::Just Kids (Violet Hour Book Club),"creator::DiRaddo, Christopher",undirected
"event::Poetry for the Moment
","creator::Wint, Brandon",undirected
event::THE VIOLET HOUR,"creator::DiRaddo, Christopher",undirected
event::You Will Love What You Have Killed (Violet Hour Book Club),"creator::DiRaddo, Christopher",undirected
event::THE VIOLET HOUR,"creator::DiRaddo, Christopher",undirected
event::THE VIOLET HOUR,"creator::Patel, Nisha",undirected
event::Real Life (Violet Hour Book Club),"creator::DiRaddo, Christopher",undirected
event::Jonny Appleseed (Violet Hour Book Club),"creator::DiRaddo, Christopher",undirected
event::How Poetry Saved My Life: A Hustler's Memoir (Violet Hour Book Club),"creator::DiRaddo, Christopher",undirected
event::Swimming in the Dark (Violet Hour Book Club),"creator::DiRaddo, Christopher",undirected
event::In the Dream House (Violet Hour Book Club),"creator::DiRaddo, Christopher",undirected
event::Red X (Violet Hour Book Club),"creator::DiRaddo, Christopher",undirected
event::Skim (Violet Hour Book Club),"creator::DiRaddo, Christopher",undirected
event::Violet Hour (Salon du livre 2LGBTQIA+),"creator::DiRaddo, Christopher",undirected
event::Christopher and His Kind (Violet Hour Book Club),"creator::DiRaddo, Christopher",undirected
"event::Detransition, Baby (Violet Hour Book Club)","creator::DiRaddo, Christopher",undirected
event::My Father and Myself (Violet Hour Book Club),"creator::DiRaddo, Christopher",undirected
"event::Such a Lonely, Lovely Road (Violet Hour Book Club)","creator::DiRaddo, Christopher",undirected
event::Gather: Richard Van Camp Author Reading,"creator::Van Camp, Richard",undirected
"event::Moccasin Square Gardens - Richard Van Camp for Audreys Book Club
","creator::Van Camp, Richard",undirected
event::THIN AIR 2021 Writing Craft: Nisha Patel,"creator::Patel, Nisha",undirected
event::Virtual Indigenous Book Club: Moccasin Square Gardens,"creator::Van Camp, Richard",undirected
"event::Tact, Distance, Excavation: An Evening with Jason Camlot, Avleen K. Mokha, and Kim Trainor","creator::Camlot, Jason",undirected
event::Real Vancouver Summer Showcase 2021,"creator::Van Camp, Richard",undirected
event::A Mighty Balance: Weighing Action and Words,"creator::Patel, Nisha",undirected
event::Virtual Poetry Reading & Open Mic,"creator::Patel, Nisha",undirected
"event::Tree Reading Series ft Natalie Wee & Chimwemwe Undi
","creator::Wint, Brandon",undirected
"event::Tree Reading Series ft. Manahil Bandukwala & Junie Desil
","creator::Wint, Brandon",undirected
"event::Tree Reading Series ft. Amy Leblanc & John Paul Martinez
","creator::Wint, Brandon",undirected
"event::Tree Reading Series ft Chuqiao Yang & Lark Omura
","creator::Wint, Brandon",undirected
"event::Tree Reading Series Ft. David Ly & Sarah Maria Medina
","creator::Wint, Brandon",undirected
"event::Book Launch: Jason Camlot, Vlarf and John Emil Vincent, Bitter in the Belly","creator::Camlot, Jason",undirected
"event::READING : Wet Ink, New Books [Naked Heart Festival]
","creator::DiRaddo, Christopher",undirected
"event::To speak, write, perform and play
","creator::Ferrier, Ian",undirected
"event::To speak, write, perform and play
","creator::Camlot, Jason",undirected
"event::Fresh Pages at Words & Music Sunday
","creator::Camlot, Jason",undirected
"event::Fresh Pages at Words & Music Sunday
","creator::Ferrier, Ian",undirected
"event::Last Nights of Summer at Words & Music Sunday
","creator::Ferrier, Ian",undirected
"event::Last Nights of Summer at Words & Music Sunday
","creator::Camlot, Jason",undirected
"event::Words & Music LIVE at Café Resonance
","creator::Camlot, Jason",undirected
"event::Words & Music LIVE at Café Resonance
","creator::Ferrier, Ian",undirected
"event::Flamenco Words, Music and Dance LIVE at Resonance
","creator::Ferrier, Ian",undirected
"event::Flamenco Words, Music and Dance LIVE at Resonance
","creator::Camlot, Jason",undirected
"event::Living the Plague at Words & Music Monday
","creator::Camlot, Jason",undirected
"event::Living the Plague at Words & Music Monday
","creator::Ferrier, Ian",undirected
"event::DC Virtual Launch 10|25, 3 - 4:30 pm
","creator::Camlot, Jason",undirected
"event::DC Books Spring Launch
","creator::Camlot, Jason",undirected
event::Zoom into Poetry between two Provinces,"creator::Wint, Brandon",undirected
event::Using Short Stories and Writing to Reclaim Culture and Tradition,"creator::Van Camp, Richard",undirected
event::Panel Discussion: Traditional Publishing and Self-publishing,"creator::Van Camp, Richard",undirected
event::Panel discussion: Our Path to Publishing,"creator::Van Camp, Richard",undirected
event::Workshop: The Recipe for Writing Great Fiction,"creator::Van Camp, Richard",undirected
"event::Listening to Pitch-Shifted Singing (Before Autotune), Led by Jonathan Sterne, 1 April 2020","creator::Camlot, Jason",undirected
"event::Listening to Gendered Voices, Led by Katherine McLeod, 8 April 2020","creator::Camlot, Jason",undirected
"event::Deep Curation: Listening to Improvisation, Led by Klara du Plessis, 15 April 2020","creator::Camlot, Jason",undirected
"event::The Ethics and Aesthetics of Public Sound Art: A Listening Practice, Led by Jared Wiercinski, 22 April 2020","creator::Camlot, Jason",undirected
"event::A Listening Practice, Led by Karis Shearer and Amy Thiessen, 6 May 2020","creator::Camlot, Jason",undirected
event::Virtual Listening Practice Guided by Felicity Tayler and Mathieu Aubin - Lesbian Liberation Across Media: Listening to Video,"creator::Camlot, Jason",undirected
"event::Phonogenicity: A Listening Practice, Led by Patrick Feaster, 13 May 2020","creator::Camlot, Jason",undirected
event::Andrew Unger Virtual Book Launch,"creator::Toews, John",undirected
event::Hayley Gene Penner launching People You Follow,"creator::Toews, John",undirected
event::Tannis M. Richardson Virtual Book Launch,"creator::Toews, John",undirected
event::David A. Robertson Virtual Book Launch,"creator::Toews, John",undirected
event::Jonathan Ball Virtual Book Launch,"creator::Toews, John",undirected
event::Sarah Klassen Virtual Book Launch,"creator::Toews, John",undirected
event::Reg Sherren Virtual Book Launch,"creator::Toews, John",undirected
event::James A. Burns Virtual Book Launch,"creator::Toews, John",undirected
event::Allan Levine Virtual Book Launch,"creator::Toews, John",undirected
event::Love After the End Online Book Launch,"creator::Toews, John",undirected
event::Sami Jo Small Virtual Book Launch,"creator::Toews, John",undirected
event::Colleen Nelson & Maureen Fergus Dual Virtual Book Launch,"creator::Toews, John",undirected
event::Jeffrey John Eyamie Virtual Book Launch,"creator::Toews, John",undirected
event::Jack London Online Book Launch,"creator::Toews, John",undirected
event::Anna Rosner Virtual Book Launch with Jamie & Reggie Leach,"creator::Toews, John",undirected
event::David Elias Virtual Book Launch,"creator::Toews, John",undirected
event::Dennis Cooley Virtual Book Launch,"creator::Toews, John",undirected
event::Jerry Fontaine Virtual Ceremony & Book Launch,"creator::Toews, John",undirected
event::Christine Hanlon Online Book Launch,"creator::Toews, John",undirected
event::Geoff Kirbyson Virtual Book Launch,"creator::Toews, John",undirected
event::Tasha Spillett Virtual Book Launch,"creator::Toews, John",undirected
event::Raymond Mason Virtual Book Launch,"creator::Toews, John",undirected
event::The Prairie Garden 2021 Virtual Book Launch,"creator::Toews, John",undirected
event::Celia Rabinovitch Virtual Book Launch (Duchamp's Pipe),"creator::Toews, John",undirected
event::Brendan Kelly J.W. Dafoe Book Prize Online Event,"creator::Toews, John",undirected
event::Darren Bernhardt Virtual Book Launch,"creator::Toews, John",undirected
event::Kama La Mackerel (ZOM-FAM) Virtual Prairie Launch,"creator::Toews, John",undirected
event::Alex Passey Virtual Book Launch,"creator::Toews, John",undirected
event::Dennis Cooley & Guests Virtual Book Launch,"creator::Toews, John",undirected
event::Gerald Brandt & Julie E. Czerneda Online Event,"creator::Toews, John",undirected
event::Climate in Fiction: Patricia Robertson with Catherine Bush & Sharon English,"creator::Toews, John",undirected
"event::Anastasia Bucsis, Eric Radford, Chris Voth & Erin Silver Online Book Event","creator::Toews, John",undirected
event::Aimée Craft Online Book Launch (Treaty Words),"creator::Toews, John",undirected
event::Philipp Schott Online Book Launch (The Willow Wren),"creator::Toews, John",undirected
event::Colleen Nelson & Deborah Kerbel Dual Online Book Launch,"creator::Toews, John",undirected
event::Jon Waldman Online Book Launch (Swimming Aimlessly),"creator::Toews, John",undirected
event::Louella Lester Online Book Launch (Glass Bricks),"creator::Toews, John",undirected
event::Kelly Bowen Online Book Launch (The Paris Apartment),"creator::Toews, John",undirected
event::J. R. Léveillé Online Book Launch (Ex Nihilo),"creator::Toews, John",undirected
event::Carol Anne Hilton Online Book Event (Indigenomics),"creator::Toews, John",undirected
event::Colin Harris Online Book Launch (Take Me Outside),"creator::Toews, John",undirected
event::Book Launch - Status Update by Cliff Eyland and George Toles,"creator::Toews, John",undirected
event::Kazim Ali (Northern Light) Online Book Event with Michael Hutchinson,"creator::Toews, John",undirected
event::Marjorie (M.M.) DeLuca Online Book Launch,"creator::Toews, John",undirected
event::Tasha Spillett-Sumner & Michaela Goade Online Book Launch hosted by David A. Robertson,"creator::Toews, John",undirected
event::Warming Huts Celebratory Online Book Launch,"creator::Toews, John",undirected
event::Keith Cadieux (Signal Decay) Online Book Launch with Seyward Goodhand,"creator::Toews, John",undirected
event::Jordan Abel Online Book Launch (NISHGA),"creator::Toews, John",undirected
"event::Lovern Kindzierski Online Launch of Hell's Flaw, hosted by Holly Halftone","creator::Toews, John",undirected
event::Joanne Epp (Cattail Skyline) Online Book Launch,"creator::Toews, John",undirected
event::The Politics of the Canoe Online Book Launch,"creator::Toews, John",undirected
"event::A Listening Practice, Led by Steven High, 8 July 2020","creator::Camlot, Jason",undirected
"event::The Discography of American Historical Recordings: A Listening Practice, Led by David Seubert, 15 July 2020","creator::Camlot, Jason",undirected
"event::""Quiet Please"": The Tennis Grunt and Gendered Noise, Led by Chelsea Miya, 22 July 2020","creator::Camlot, Jason",undirected
event::Virtual Listening Practice Guided by Jason Camlot and Tomasz Neugebauer,"creator::Camlot, Jason",undirected
event::MaryLou Driedger (Lost on the Prairie) Online Book Launch,"creator::Toews, John",undirected
event::Dr. Jen Gunter (The Menopause Manifesto) in conversation with Jen Zoratti,"creator::Toews, John",undirected
event::Assiniboia Residential School Legacy Group Online Book Launch (Did You See Us?) RESCHEDULED,"creator::Toews, John",undirected
"event::Virtual Poetry with Selina Boan, Molly Cross-Blanchard & Dallas Hunt with Hannah Green
","creator::Toews, John",undirected
event::Jim Blanchard Online Book Launch (Thinking Big),"creator::Toews, John",undirected
event::Anna Lazowski & Steph Laberis Online Book Launch (T. Rexes Can't Tie Their Shoes),"creator::Toews, John",undirected
event::Gabriele Goldstone Online Book Launch (Tainted Amber),"creator::Toews, John",undirected
event::Clayton Thomas-Müller Virtual Book Launch,"creator::Toews, John",undirected
"event::David Demchuk (Red X) Online Book Launch
Online event","creator::Toews, John",undirected
event::Colleen Nelson Hybrid Book Launch (The Undercover Book List),"creator::Toews, John",undirected
event::David Bergen Hybrid Book Launch (Out of Mind),"creator::Toews, John",undirected
event::Kristen Wittman Hybrid Book Launch (Death Becomes Us),"creator::Toews, John",undirected
event::Chris Attrell & Christine Hanlon Virtual Book Launch (Grain Elevators),"creator::Toews, John",undirected
event::Niizhotay Stories: A Virtual Evening with Louise B Halfe - Sky Dancer and Dallas Hunt,"creator::Toews, John",undirected
event::An Evening with Colin Smith (Permanent Carnival Time) & Cam Scott (THIN AIR 2021),"creator::Toews, John",undirected
event::Virtual Listening Practice Guided by Faith Paré,"creator::Camlot, Jason",undirected
event::Wab Kinew Hybrid Book Launch (Walking in Two Worlds) with Tasha Spillett-Sumner,"creator::Toews, John",undirected
event::Garry Thomas Morse Hybrid Book Event (Scofflaw),"creator::Toews, John",undirected
event::An Evening with Colin Smith (Permanent Carnival Time) & Cam Scott (THIN AIR 2021),"creator::Toews, John",undirected
event::Primrose Madayag Knazan Hybrid Book Launch (Lessons in Fusion),"creator::Toews, John",undirected
"event::Rowan McCandless Hybrid Book Launch (Persephone's Children), hosted by Whitney French","creator::Toews, John",undirected
event::Dale Barbour Hybrid Book Launch (Undressed Toronto) hosted by Robert Penner,"creator::Toews, John",undirected
event::Casey Plett Hybrid Book Launch (A Dream of a Woman) hosted by Ben Sigurdson,"creator::Toews, John",undirected
event::Evan J Hybrid Book Event (Ripping down half the trees) hosted by Teresa Horosko,"creator::Toews, John",undirected
event::Chantal Fiola Hybrid Book Launch (Returning to Ceremony) hosted by Laura Forsythe,"creator::Toews, John",undirected
event::Dennis Cooley Hybrid Book Launch (Gibbous Moon) hosted by Robert Enright,"creator::Toews, John",undirected
event::Kate Bowler (No Cure for Being Human) Virtual Book Event,"creator::Toews, John",undirected
event::Helen Olsen Agger Book Launch (Dadibaajim) hosted by Jarvis Brownlie,"creator::Toews, John",undirected
event::Gary Filmon Virtual Book Launch (Yes We Did: Leading in Turbulent Times),"creator::Toews, John",undirected
"event::Ty Dilello launching Mosienko: The Man Who Caught Lightning in a Bottle, hosted by Jordy Douglas","creator::Toews, John",undirected
"event::An Eerie Virtual Evening with Lindsay Merbaum & Jess Landry, hosted by Joanna Graham
","creator::Toews, John",undirected
"event::Alternate Plains Hybrid Book Launch with Darren Ridgley, Adam Petrash & Guests","creator::Toews, John",undirected
event::A Virtual Evening with Ian Williams (Disorientation) hosted by Chimwemwe Undi,"creator::Toews, John",undirected
"event::A Virtual Evening with Explorer Adam Shoalts (The Whisper on the Night Wind) hosted by Joanne Kelly
","creator::Toews, John",undirected
event::J.H. Moncrieff Hybrid Book Launch (The Restoration) hosted by Kahla Evans,"creator::Toews, John",undirected
event::Prairie Garden Committee Virtual Launch of The Prairie Garden 2022: Smaller Places,"creator::Toews, John",undirected
"event::Dr. Evelyn Forget & Hannah Owczar launching Radical Trust: Basic Income for Complicated Lives
","creator::Toews, John",undirected
event::Craft talk: Writing for Kids and Teens: EMLF 2021 Workshop,"creator::Van Camp, Richard",undirected
event::EMLF 2021 All-Star Reading,"creator::Van Camp, Richard",undirected
event::S. L. Klassen & Andrew Unger: A (Virtual) Evening of Menno-Nightcaps,"creator::Toews, John",undirected
event::Royden Loewen Book Launch (Mennonite Farmers) hosted by Dr. Aileen Friesen,"creator::Toews, John",undirected
"event::Dodie Graham McKay Hybrid Launch of Earth Magic, hosted by Dr. Karen Froman","creator::Toews, John",undirected
"event::Jesse Hajer launching Social Service Private Gain, hosted by Shauna MacKinnon","creator::Toews, John",undirected
event::Donna Besel Book Launch (The Unravelling) hosted by Lauren Carter,"creator::Toews, John",undirected
"event::Donn Short, Bruce MacDougall & Paul T. Clarke Virtual Book Launch (Making the Case)","creator::Toews, John",undirected
"event::Harriet Zaidman launching Second Chances, hosted by Terry MacLeod & featuring special guests","creator::Toews, John",undirected
event::Gregg M. Olsen Book Launch (Poverty and Austerity amid Prosperity) hosted by Elizabeth Comack,"creator::Toews, John",undirected
"event::Helen Chau Bradley Virtual Book Event with guests Jenny Heijun Wills & Anna Leventhal
Online event
","creator::Toews, John",undirected
event::Heather O'Neill Virtual Book Event Hosted by Angela Torgerson,"creator::Toews, John",undirected
event::An Evening with Nathan Page & Drew Shannon (Creators of The Montague Twins),"creator::Toews, John",undirected
event::Jerry Fontaine & Don McCaskill with Special Guests -- Virtual Book Launch,"creator::Toews, John",undirected
"event::Sheila North (My Privilege, My Responsibility) Hybrid Book Launch","creator::Toews, John",undirected
"event::An Afternoon with Eliza Reid, First Lady of Iceland, hosted by Terry Fallis","creator::Toews, John",undirected
event::Mark Dery: The Eccentric Life of Edward Gorey,"creator::McCormick, Gregory",undirected
"event::Adjusting the Book Launch to COVID-19: A Listening Practice, Led by Klara du Plessis, 18 November 2020","creator::Camlot, Jason",undirected
"event::Listening to Vocal Production, Led by Sean Luyk, 25 November 2020","creator::Camlot, Jason",undirected
"event::Listening to the Winter Sun: A Virtual Ghost Reading, Led by Katherine McLeod, 27 January 2021","creator::Camlot, Jason",undirected
"event::Talking About Sound When the Text Isn’t a Sound Poem: A Listening Practice, Led by Al Filreis, 17 February 2021","creator::Camlot, Jason",undirected
"event::Literary Machine Listening, Led by Julie Funk, 24 February 2021","creator::Camlot, Jason",undirected
"event::Fellow-Feeling: Listening Positionality in Jordan Scott and Jason Starnes' Lanterns at Guantanamo, Led by Deanna Fong, 3 March 2021","creator::Camlot, Jason",undirected
event::Virtual Listening Practice by Emma Talero,"creator::Camlot, Jason",undirected
event::Virtual Listening Practice: Listening to Remember,"creator::Camlot, Jason",undirected
event::Virtual SpokenWeb Podcast Listening Party,"creator::Camlot, Jason",undirected
event::Virtual Listening Practice Guided by Stacey Copeland,"creator::Camlot, Jason",undirected
event::Virtual Listening Practice Guided by Andrew Roberge,"creator::Camlot, Jason",undirected
event::Virtual Listening Practice Guided by Hannah McGregor,"creator::Camlot, Jason",undirected
event::Virtual Listening Practice Guided by Jentery Sayers,"creator::Camlot, Jason",undirected
event::Star Talks: Emily St. John Mandel,"creator::Curtis, Nathalie",undirected
event::Jan Stocklassa and the Real-Life Unsolved Murder of Olaf Palme,"creator::McCormick, Gregory",undirected
event::Kawai Strong Washburn: Sharks in the Time of Saviours,"creator::McCormick, Gregory",undirected
event::Jason B. Rosenthal: My Wife Said You May Want to Marry Me,"creator::Curtis, Nathalie",undirected
"event::Frida Kahlo: Influence, Memory, Heart","creator::Curtis, Nathalie",undirected
"event::Yuval Taylor: Zora and Langston, Friendship and Betrayal","creator::Curtis, Nathalie",undirected
event::The Science of Pandemic and Preventing Future Outbreaks,"creator::McCormick, Gregory",undirected
event::Jenn Shapland: My Autobiography of Carson McCullers,"creator::McCormick, Gregory",undirected
"event::Bernardine Evaristo: Girl, Woman, Other","creator::Curtis, Nathalie",undirected
event::Jenny Offill: Weather,"creator::Curtis, Nathalie",undirected
event::Susanna Moore: Miss Aluminum,"creator::McCormick, Gregory",undirected
event::Jessica McDiarmid: Highway of Tears,"creator::McCormick, Gregory",undirected
event::Megha Majumdar: A Burning,"creator::Curtis, Nathalie",undirected
event::Sarah Broom: The Yellow House,"creator::McCormick, Gregory",undirected
event::Patrik Svensson: The Book of Eels,"creator::McCormick, Gregory",undirected
event::Joe Sacco: Paying the Land,"creator::McCormick, Gregory",undirected
event::Joe Sacco: Paying the Land,"creator::Van Camp, Richard",undirected
event::Fernanda Melchor: Murder by Witchcraft,"creator::McCormick, Gregory",undirected
event::Kate Kirkpatrick on the Life of Simone de Beauvoir,"creator::McCormick, Gregory",undirected
event::Star Talks: Songs for the End of the World by Saleema Nawaz,"creator::McCormick, Gregory",undirected
event::Ottessa Moshfegh: Death in Her Hands,"creator::Curtis, Nathalie",undirected
event::Mark Gevisser: Journeys Across the World’s Queer Frontiers,"creator::McCormick, Gregory",undirected
event::Asian Heritage: Art and Haiku In the Time of COVID,"creator::McCormick, Gregory",undirected
event::Marlowe Granados: Happy Hour,"creator::Curtis, Nathalie",undirected
event::Daniel Susskind: A World Without Work,"creator::McCormick, Gregory",undirected
"event::Michelle Good: Five Little Indians
","creator::Curtis, Nathalie",undirected
event::Ocean Vuong: On Earth We’re Briefly Gorgeous,"creator::McCormick, Gregory",undirected
event::Thomas Homer-Dixon: Commanding Hope,"creator::Curtis, Nathalie",undirected
event::Virtual Listening Practice Guided by Nick Beauchesne,"creator::Camlot, Jason",undirected
event::Listening for Hope in the Sound Archive,"creator::Camlot, Jason",undirected
event::Mena Massoud: Evolving Vegan,"creator::Curtis, Nathalie",undirected
event::Asian Heritage: Chinese Festivals and Food - Mid-Autumn Festival,"creator::McCormick, Gregory",undirected
event::Jeff Rubin: The Expendables,"creator::Curtis, Nathalie",undirected
event::Lorna Crozier: Through the Garden,"creator::Curtis, Nathalie",undirected
event::Katie Mack: The End of Everything,"creator::McCormick, Gregory",undirected
event::Asian Heritage: A Spiritual Quest Through the Creation of Poetry,"creator::McCormick, Gregory",undirected
event::Natalie Zina Walschots: Hench,"creator::Curtis, Nathalie",undirected
"event::Hayley Gene Penner: People You Follow
","creator::Curtis, Nathalie",undirected
event::Sarah Smarsh: Dolly Parton and the Women Who Lived Her Songs,"creator::McCormick, Gregory",undirected
event::Margaret MacMillan on War: How Conflict Shaped Us,"creator::Curtis, Nathalie",undirected
event::Emma Donoghue: Pull of the Stars,"creator::Curtis, Nathalie",undirected
event::Aminatou Sow & Ann Friedman: Big Friendship,"creator::Curtis, Nathalie",undirected
event::Sara Seager: The Smallest Lights in the Universe,"creator::Elmir, Sergio",undirected
event::Michael Posner: Untold Stories of Leonard Cohen,"creator::Elmir, Sergio",undirected
event::Janet Evanovich: Fortune and Glory,"creator::McCormick, Gregory",undirected
event::Marci Ien: Off Script,"creator::Curtis, Nathalie",undirected
"event::Thieving, Grieving and Leaving: New Fiction of Displacement
","creator::Elmir, Sergio",undirected
event::Andrew Furey: Hope in the Balance,"creator::Curtis, Nathalie",undirected
event::Peter Cameron: What Happens at Night,"creator::McCormick, Gregory",undirected
event::Nancy Springer: An Enola Holmes Mystery Series,"creator::McCormick, Gregory",undirected
event::Kiley Reid: Such a Fun Age,"creator::Curtis, Nathalie",undirected
event::Ron Brown: Toronto's Lost Villages,"creator::Curtis, Nathalie",undirected
event::Frederick Kaufman: The Money Plot,"creator::Elmir, Sergio",undirected
event::Alan Doyle: All Together Now,"creator::Curtis, Nathalie",undirected
event::Gina Apostol: The Revolutionary,"creator::McCormick, Gregory",undirected
event::Kristyn Dunnion: Stoop City,"creator::Curtis, Nathalie",undirected
event::Kerry Clare: Waiting for a Star to Fall,"creator::Curtis, Nathalie",undirected
event::Ashley Audrain: The Push,"creator::Curtis, Nathalie",undirected
event::Pilar Quintana: The Bitch,"creator::McCormick, Gregory",undirected
event::Adeline Dieudonné: Real Life,"creator::McCormick, Gregory",undirected
event::Karina Vernon & Kaie Kellough: The Black Prairie Archive,"creator::Elmir, Sergio",undirected
event::Cherie Jones: How the One-Armed Sister Sweeps Her House,"creator::Curtis, Nathalie",undirected
event::Meng Jin: Little Gods,"creator::Curtis, Nathalie",undirected
event::Mario Bellatin and the Writing of Constant Mutation,"creator::Elmir, Sergio",undirected
event::Imagine a World: Nalo Hopkinson & Lateef Martin with Karen Lord,"creator::McCormick, Gregory",undirected
event::Eternity Martis: They Said This Would Be Fun,"creator::Elmir, Sergio",undirected
event::Meena Kandasamy: Exquisite Cadavers,"creator::Curtis, Nathalie",undirected
event::Tamara Payne: The Dead are Arising - The Life of Malcolm X,"creator::Curtis, Nathalie",undirected
event::Robert Jones Jr.: The Prophets,"creator::Elmir, Sergio",undirected
event::Masha Gessen: Navalny vs Putin,"creator::McCormick, Gregory",undirected
event::Véronique Tadjo: In the Company of Men,"creator::McCormick, Gregory",undirected
"event::Kim Echlin: Speak, Silence","creator::Curtis, Nathalie",undirected
"event::Long Term Care or Long Lost Hope?
","creator::Elmir, Sergio",undirected
event::Adam Bunch: The Toronto Book of Love,"creator::Curtis, Nathalie",undirected
event::Pola Oloixarac: Beyond the Page,"creator::Elmir, Sergio",undirected
event::Eden Robinson: Return of the Trickster,"creator::Curtis, Nathalie",undirected
event::Vivian Gornick: Taking A Long Look,"creator::McCormick, Gregory",undirected
event::Harlan Coben: Win,"creator::Curtis, Nathalie",undirected
event::Tawhida Tanya Evanson: Book of Wings,"creator::McCormick, Gregory",undirected
event::Perdita & Catherine Felicien: My Mother's Daughter,"creator::Curtis, Nathalie",undirected
event::Camilla Gibb: The Relatives,"creator::Curtis, Nathalie",undirected
event::Rashid Khalidi: The Crisis of Arab Democracy and Palestine,"creator::McCormick, Gregory",undirected
event::Justin Ling: Missing From the Village,"creator::McCormick, Gregory",undirected
event::Judy Batalion: The Light of Days,"creator::Curtis, Nathalie",undirected
event::Imbolo Mbue: How Beautiful We Were,"creator::Curtis, Nathalie",undirected
event::Annalee Newitz: Four Lost Cities,"creator::McCormick, Gregory",undirected
event::Akiko Busch: How to Disappear,"creator::McCormick, Gregory",undirected
event::Reina María Rodríguez and The Poetics of Havana,"creator::Elmir, Sergio",undirected
event::Dr. Carl Hart: Drug Use for Grown-Ups,"creator::Elmir, Sergio",undirected
event::Christine Coulson: Stories of the Met,"creator::McCormick, Gregory",undirected
event::Lauren McKeon: Women of the Pandemic,"creator::Elmir, Sergio",undirected
event::Jeff VanderMeer: Hummingbird Salamander,"creator::Elmir, Sergio",undirected
event::Linwood Barclay: Find You First,"creator::Elmir, Sergio",undirected
"event::Kit Fan: Diamond Hill, The Disappearing City","creator::McCormick, Gregory",undirected
event::Laughter and Resilience: Indigenous Comedy Panel,"creator::Elmir, Sergio",undirected
event::Red Erotic: Indigenous Erotica Panel,"creator::Elmir, Sergio",undirected
"event::Watching, Listening & Learning: Feeding the Marketing Algorithms","creator::Elmir, Sergio",undirected
"event::Edward Rutherfurd: China, The Novel","creator::McCormick, Gregory",undirected
event::Virtual Book Launch for CanLit Across Media: Unarchiving the Literary Event,"creator::Camlot, Jason",undirected
"event::SpokenWebPod Listening Party - ""Cylinder Talks"" feat. Jason Camlot and Stacy Copeland","creator::Camlot, Jason",undirected
event::A Belly Full Of Vlarf: A Poetry Book Launch By Jason Camlot And John Emil Vincent,"creator::Camlot, Jason",undirected
"event::Pandemic Scholarship, A Panel Hosted By SpokenWeb And Canadian Literature","creator::Camlot, Jason",undirected
"event::From Trash to Treasure – Collection Thinking: Using, Moving, Holding. A Talk at SFU by Jason Camlot and Linda Morra","creator::Camlot, Jason",undirected
event::Alberto Ruy Sánchez and Literature Beyond the Genre,"creator::Elmir, Sergio",undirected
"event::Jordi Nopca: Come on Up, Tales of Barcelona
","creator::McCormick, Gregory",undirected
"event::Patrick Radden Keefe: Empire of Pain
","creator::Elmir, Sergio",undirected
event::Ayad Akhtar: Homeland Elegies,"creator::Elmir, Sergio",undirected
event::Jake Tapper: The Devil May Dance,"creator::McCormick, Gregory",undirected
event::Gabriela Garcia: Of Women and Salt,"creator::McCormick, Gregory",undirected
"event::Big Tech, Monopolies and Imagining Alternatives","creator::Elmir, Sergio",undirected
event::Dawnie Walton: The Final Revival of Opal & Nev,"creator::Elmir, Sergio",undirected
event::Jeremy Atherton Lin: Gay Bar - Why We Went Out,"creator::McCormick, Gregory",undirected
event::Rob Kenner: The Marathon Don't Stop - The Life & Times of Nipsey Hussle,"creator::Elmir, Sergio",undirected
event::Jonathan Manthorpe: Restoring Democracy,"creator::Elmir, Sergio",undirected
event::Fulfillment and the Future of Work,"creator::Elmir, Sergio",undirected
event::Lisa Taddeo: Animal,"creator::McCormick, Gregory",undirected
event::Joe Ide: Smoke,"creator::McCormick, Gregory",undirected
event::Megan Nolan: Acts of Desperation,"creator::McCormick, Gregory",undirected
event::Steve Patterson: Dad Up! Long-Time Comedian. First-Time Father,"creator::Elmir, Sergio",undirected
event::Domestic Revolutions: Gay Family Life in Three Novels,"creator::DiRaddo, Christopher",undirected
event::Domestic Revolutions: Gay Family Life in Three Novels,"creator::McCormick, Gregory",undirected
event::Ross King: The Bookseller of Florence,"creator::McCormick, Gregory",undirected
event::Anuk Arudpragasam: A Passage North,"creator::McCormick, Gregory",undirected
event::Jesse McCarthy: Who Will Pay Reparations on My Soul?,"creator::Elmir, Sergio",undirected
event::Michael LaPointe: The Creep,"creator::McCormick, Gregory",undirected
event::Revolutionizing the Rural,"creator::Elmir, Sergio",undirected
event::Tahmima Anam: The Startup Wife,"creator::McCormick, Gregory",undirected
event::Tom Nichols: Our Own Worst Enemy,"creator::Elmir, Sergio",undirected
event::Kathleen Winter: Undersong,"creator::McCormick, Gregory",undirected
event::Linda Colley: How War Shaped Constitution-Making and Spread (and Limited) Rights,"creator::McCormick, Gregory",undirected
"event::Predict + Surveil: Data, Discretion, and the Future of Policing","creator::Elmir, Sergio",undirected
event::Kamal Al-Solaylee: Why We Go Back to Where We Came From,"creator::McCormick, Gregory",undirected
event::Erin Dej: A Complex Exile - Homelessness and Social Exclusion in Canada,"creator::Elmir, Sergio",undirected
event::Dean Jobb: Hunting a Victorian Era Serial Killer,"creator::McCormick, Gregory",undirected
event::Natasha Brown: Assembly,"creator::McCormick, Gregory",undirected
event::Sarah Schulman: Let The Record Show,"creator::Elmir, Sergio",undirected
event::Simone de Beauvoir: Inseparable,"creator::McCormick, Gregory",undirected
event::The Case For Basic Income,"creator::Elmir, Sergio",undirected
event::Joanna Chiu: China Unbound,"creator::McCormick, Gregory",undirected
event::Joshua Ferris: A Calling,"creator::McCormick, Gregory",undirected
event::Charles Taylor: How Democracies Degenerate,"creator::Elmir, Sergio",undirected
"event::Silicon Values: Free Speech, Democracy and Big Tech","creator::Elmir, Sergio",undirected
event::Nicholas Sparks: The Wish,"creator::McCormick, Gregory",undirected
event::Omar Mouallem: Praying to the West,"creator::McCormick, Gregory",undirected
event::Climate - Alexandra Morton: Not On My Watch,"creator::Elmir, Sergio",undirected
event::Kim Thúy: Em,"creator::McCormick, Gregory",undirected
"event::Climate - Frauke Bagusche: Blue, Blue Wonder","creator::McCormick, Gregory",undirected
event::Climate - Jill Heinerth: What I Saw in the Deep,"creator::McCormick, Gregory",undirected
"event::Jody Wilson-Raybould: ""Indian"" in the Cabinet","creator::Elmir, Sergio",undirected
event::Masterclass: Storytelling with Richard Van Camp,"creator::Van Camp, Richard",undirected
event::Lyrical Femmes,"creator::Patel, Nisha",undirected
event::You Are the Dream: Writers in Conversation,"creator::Elmir, Sergio",undirected
event::Alaa Al Aswany: The Republic of False Truths,"creator::Elmir, Sergio",undirected
event::Climate - Giulio Boccaletti: Water: A Biography,"creator::Elmir, Sergio",undirected
"event::Shin, Homa & Craig: Exiled Off the Page","creator::Elmir, Sergio",undirected
event::Richard Van Camp - May We Have Enough to Share,"creator::Van Camp, Richard",undirected
event::Conflict and Characterization: a writing workshop with Richard Van Camp,"creator::Van Camp, Richard",undirected
event::Word on the Street - Fall Reading Series with Richard Van Camp,"creator::Van Camp, Richard",undirected
event::Chapter and Verse: A Trio of Alberta Poets,"creator::Patel, Nisha",undirected
event::Toronto Poetry Slam ft. Nisha Patel,"creator::Patel, Nisha",undirected
event::Poetry Workshop Ft. Nisha Patel,"creator::Patel, Nisha",undirected
event::ULPC Slam #7 ft. Nisha Patel,"creator::Patel, Nisha",undirected
event::Hullabaloo All Star Slam 2021 and Individual Videopoem Festival,"creator::Patel, Nisha",undirected
event::Adventures in Poetryland,"creator::Patel, Nisha",undirected
event::Finals Night Feature with Nisha Patel and our Inaugural Team Piece Showcase,"creator::Patel, Nisha",undirected
event::Write Bloody North | Showcase,"creator::Wint, Brandon",undirected
event::Iron Poet Gauntlet,"creator::Patel, Nisha",undirected
event::Mashed Sabbath 50,"creator::Wint, Brandon",undirected
event::CIPS Finals,"creator::Patel, Nisha",undirected
event::Legends Slam,"creator::Wint, Brandon",undirected
event::FreeFlow Showcase & Open Mic,"creator::Salij, Daniel",undirected
event::FreeFlow Showcase & Open Mic,"creator::Carter, Annie",undirected
event::FreeFlow Showcase & Open Mic,"creator::Chan, Anto",undirected
event::FreeFlow Showcase - The Anto Chan Birthday Special,"creator::Salij, Daniel",undirected
event::FreeFlow Showcase - The Anto Chan Birthday Special,"creator::Carter, Annie",undirected
event::FreeFlow Showcase - The Anto Chan Birthday Special,"creator::Chan, Anto",undirected
event::FreeFlow Showcase & Open Mic: May 23 2020,"creator::Salij, Daniel",undirected
event::FreeFlow Showcase & Open Mic: May 23 2020,"creator::Carter, Annie",undirected
event::FreeFlow Showcase & Open Mic: May 23 2020,"creator::Chan, Anto",undirected
event::FreeFlow Showcase & Open Mic: May 30 2020,"creator::Salij, Daniel",undirected
event::FreeFlow Showcase & Open Mic: May 30 2020,"creator::Carter, Annie",undirected
event::FreeFlow Showcase & Open Mic: May 30 2020,"creator::Chan, Anto",undirected
event::FreeFlow Showcase & Open Mic: June 6 2020,"creator::Salij, Daniel",undirected
event::FreeFlow Showcase & Open Mic: June 6 2020,"creator::Carter, Annie",undirected
event::FreeFlow Showcase & Open Mic: June 6 2020,"creator::Chan, Anto",undirected
event::FreeFlow Showcase & Open Mic: June 13 2020,"creator::Salij, Daniel",undirected
event::FreeFlow Showcase & Open Mic: June 13 2020,"creator::Carter, Annie",undirected
event::FreeFlow Showcase & Open Mic: June 13 2020,"creator::Chan, Anto",undirected
event::FreeFlow Showcase & Open Mic: June 20 2020,"creator::Salij, Daniel",undirected
event::FreeFlow Showcase & Open Mic: June 20 2020,"creator::Carter, Annie",undirected
event::FreeFlow Showcase & Open Mic: June 20 2020,"creator::Chan, Anto",undirected
event::FreeFlow Showcase & Open Mic: June 27 2020,"creator::Salij, Daniel",undirected
event::FreeFlow Showcase & Open Mic: June 27 2020,"creator::Carter, Annie",undirected
event::FreeFlow Showcase & Open Mic: June 27 2020,"creator::Chan, Anto",undirected
event::FreeFlow Showcase & Open Mic: July 4 2020,"creator::Salij, Daniel",undirected
event::FreeFlow Showcase & Open Mic: July 4 2020,"creator::Carter, Annie",undirected
event::FreeFlow Showcase & Open Mic: July 4 2020,"creator::Chan, Anto",undirected
event::FreeFlow Showcase & Open Mic: July 11 2020,"creator::Salij, Daniel",undirected
event::FreeFlow Showcase & Open Mic: July 11 2020,"creator::Carter, Annie",undirected
event::FreeFlow Showcase & Open Mic: July 11 2020,"creator::Chan, Anto",undirected
event::FreeFlow Showcase & Open Mic: July 18 2020,"creator::Salij, Daniel",undirected
event::FreeFlow Showcase & Open Mic: July 18 2020,"creator::Carter, Annie",undirected
event::FreeFlow Showcase & Open Mic: July 18 2020,"creator::Chan, Anto",undirected
event::FreeFlow Showcase & Open Mic: July 25 2020,"creator::Salij, Daniel",undirected
event::FreeFlow Showcase & Open Mic: July 25 2020,"creator::Carter, Annie",undirected
event::FreeFlow Showcase & Open Mic: July 25 2020,"creator::Chan, Anto",undirected
event::FreeFlow Showcase & Open Mic: Aug 1 2020,"creator::Salij, Daniel",undirected
event::FreeFlow Showcase & Open Mic: Aug 1 2020,"creator::Carter, Annie",undirected
event::FreeFlow Showcase & Open Mic: Aug 1 2020,"creator::Chan, Anto",undirected
event::FreeFlow Boxing Day Bonanza!,"creator::Salij, Daniel",undirected
event::FreeFlow Boxing Day Bonanza!,"creator::Carter, Annie",undirected
event::FreeFlow Boxing Day Bonanza!,"creator::Chan, Anto",undirected
event::FreeFlow One Year Anniversary Show!,"creator::Salij, Daniel",undirected
event::FreeFlow One Year Anniversary Show!,"creator::Carter, Annie",undirected
event::FreeFlow One Year Anniversary Show!,"creator::Chan, Anto",undirected
event::Community Healing & Open Mic,"creator::Salij, Daniel",undirected
event::Community Healing & Open Mic,"creator::Carter, Annie",undirected
event::Community Healing & Open Mic,"creator::Chan, Anto",undirected
event::FreeFlow Showcase ft. SoulSis Aiesha,"creator::Salij, Daniel",undirected
event::FreeFlow Showcase ft. SoulSis Aiesha,"creator::Carter, Annie",undirected
event::FreeFlow Showcase ft. SoulSis Aiesha,"creator::Chan, Anto",undirected
event::FreeFlow Showcase - National Poetry Month,"creator::Salij, Daniel",undirected
event::FreeFlow Showcase - National Poetry Month,"creator::Carter, Annie",undirected
event::FreeFlow Showcase - National Poetry Month,"creator::Chan, Anto",undirected
event::FreeFlow Showcase - Asian Heritage Month!,"creator::Salij, Daniel",undirected
event::FreeFlow Showcase - Asian Heritage Month!,"creator::Carter, Annie",undirected
event::FreeFlow Showcase - Asian Heritage Month!,"creator::Chan, Anto",undirected
event::FreeFlow Showcase - Revolutions,"creator::Salij, Daniel",undirected
event::FreeFlow Showcase - Revolutions,"creator::Carter, Annie",undirected
event::FreeFlow Showcase - Revolutions,"creator::Chan, Anto",undirected
event::FreeFlow Showcase - Summer Sweetness,"creator::Salij, Daniel",undirected
event::FreeFlow Showcase - Summer Sweetness,"creator::Carter, Annie",undirected
event::FreeFlow Showcase - Summer Sweetness,"creator::Chan, Anto",undirected
event::Annie's Birthday Celebration! - LIVE LIVE LIVE V1,"creator::Salij, Daniel",undirected
event::Annie's Birthday Celebration! - LIVE LIVE LIVE V1,"creator::Carter, Annie",undirected
event::Annie's Birthday Celebration! - LIVE LIVE LIVE V1,"creator::Chan, Anto",undirected
event::Annie's Birthday Celebration! - LIVE LIVE LIVE V2,"creator::Salij, Daniel",undirected
event::Annie's Birthday Celebration! - LIVE LIVE LIVE V2,"creator::Carter, Annie",undirected
event::Annie's Birthday Celebration! - LIVE LIVE LIVE V2,"creator::Chan, Anto",undirected
event::FreeFlow Showcase - Anto's Birthday Bonanza,"creator::Salij, Daniel",undirected
event::FreeFlow Showcase - Anto's Birthday Bonanza,"creator::Carter, Annie",undirected
event::FreeFlow Showcase - Anto's Birthday Bonanza,"creator::Chan, Anto",undirected
event::BLUE METROPOLIS FIRST PEOPLES LITERARY PRIZE: RICHARD VAN CAMP,"creator::Van Camp, Richard",undirected
"event::PRIX LITTÉRAIRE VIOLET METROPOLIS BLEU
ANDRÉ ROY","creator::DiRaddo, Christopher",undirected
event::THE VIOLET HOUR,"creator::DiRaddo, Christopher",undirected
event::FINDING QUEER READERS,"creator::DiRaddo, Christopher",undirected
