SwallowID,Original_City,Normalized_City
7886,Montréal,Montreal
,Montréal,Montreal
7955,Montréal,Montreal
,Montréal,Montreal
7956,Montréal,Montreal
,Montréal,Montreal
7961,Montréal,Montreal
,Montréal,Montreal
7963,Montréal,Montreal
,Montréal,Montreal
7964,Montréal,Montreal
,Montréal,Montreal
7965,Montréal,Montreal
,Montréal,Montreal
7966,Montréal,Montreal
,Montréal,Montreal
8165,Montréal,Montreal
,Montréal,Montreal
8166,Montréal,Montreal
,Montréal,Montreal
8167,Montréal,Montreal
,Montréal,Montreal
8168,Montréal,Montreal
,Montréal,Montreal
8169,Montréal,Montreal
,Montréal,Montreal
8170,Montréal,Montreal
,Montréal,Montreal
8172,Montréal,Montreal
,Montréal,Montreal
8175,Montréal,Montreal
,Montréal,Montreal
8176,Montréal,Montreal
,Montréal,Montreal
8177,Montréal,Montreal
,Montréal,Montreal
8178,Montréal,Montreal
,Montréal,Montreal
8179,Montréal,Montreal
,Montréal,Montreal
8180,Montréal,Montreal
,Montréal,Montreal
8181,Montréal,Montreal
,Montréal,Montreal
8183,Montréal,Montreal
,Montréal,Montreal
8184,Montréal,Montreal
,Montréal,Montreal
8185,Montréal,Montreal
,Montréal,Montreal
8186,Montréal,Montreal
,Montréal,Montreal
8187,Montréal,Montreal
,Montréal,Montreal
8188,Montréal,Montreal
,Montréal,Montreal
8189,Montréal,Montreal
,Montréal,Montreal
8190,Montréal,Montreal
,Montréal,Montreal
8250,Montréal,Montreal
,Montréal,Montreal
8252,Montréal,Montreal
,Montréal,Montreal
8253,Montréal,Montreal
,Montréal,Montreal
8254,Montréal,Montreal
,Montréal,Montreal
8255,Montréal,Montreal
,Montréal,Montreal
8256,Montréal,Montreal
,Montréal,Montreal
8257,Montréal,Montreal
,Montréal,Montreal
8274,Montréal,Montreal
,Montréal,Montreal
8275,Montréal,Montreal
,Montréal,Montreal
8277,Montréal,Montreal
,Montréal,Montreal
8278,Montréal,Montreal
,Montréal,Montreal
8286,Montréal,Montreal
,Montréal,Montreal
8287,Montréal,Montreal
,Montréal,Montreal
8288,Montréal,Montreal
,Montréal,Montreal
8289,Montréal,Montreal
,Montréal,Montreal
8290,Montréal,Montreal
,Montréal,Montreal
8291,Montréal,Montreal
,Montréal,Montreal
8292,Montréal,Montreal
,Montréal,Montreal
8293,Montréal,Montreal
,Montréal,Montreal
8294,Montréal,Montreal
,Montréal,Montreal
8295,Montréal,Montreal
,Montréal,Montreal
8296,Montréal,Montreal
,Montréal,Montreal
8297,Montréal,Montreal
,Montréal,Montreal
8479,Montréal,Montreal
,Montréal,Montreal
8483,Montréal,Montreal
,Montréal,Montreal
8486,Montréal,Montreal
,Montréal,Montreal
8491,Montréal,Montreal
,Montréal,Montreal
8493,Montréal,Montreal
,Montréal,Montreal
8494,Montréal,Montreal
,Montréal,Montreal
8495,Montréal,Montreal
,Montréal,Montreal
8496,Montréal,Montreal
,Montréal,Montreal
8606,Montréal,Montreal
,Montréal,Montreal
8607,Montréal,Montreal
,Montréal,Montreal
8911,Montréal,Montreal
,Montréal,Montreal
8917,Montréal,Montreal
,Montréal,Montreal
8918,Montréal,Montreal
,Montréal,Montreal
8919,Montréal,Montreal
,Montréal,Montreal
8921,Montréal,Montreal
,Montréal,Montreal
8923,Montréal,Montreal
,Montréal,Montreal
8951,Montréal,Montreal
,Montréal,Montreal
8952,Montréal,Montreal
,Montréal,Montreal
8953,Montréal,Montreal
,Montréal,Montreal
8954,Montréal,Montreal
,Montréal,Montreal
9339,Guelph/Eramosa,Guelph
,Guelph/Eramosa,Guelph
9340,Guelph/Eramosa,Guelph
,Guelph/Eramosa,Guelph
9341,Guelph/Eramosa,Guelph
,Guelph/Eramosa,Guelph
9342,Guelph/Eramosa,Guelph
,Guelph/Eramosa,Guelph
9343,Guelph/Eramosa,Guelph
9344,Guelph/Eramosa,Guelph
,Guelph/Eramosa,Guelph
9371,Guelph/Eramosa,Guelph
,Guelph/Eramosa,Guelph
9372,Guelph/Eramosa,Guelph
,Guelph/Eramosa,Guelph
9373,Guelph/Eramosa,Guelph
,Guelph/Eramosa,Guelph
9374,Guelph/Eramosa,Guelph
,Guelph/Eramosa,Guelph
9375,Guelph/Eramosa,Guelph
,Guelph/Eramosa,Guelph
9376,Guelph/Eramosa,Guelph
,Guelph/Eramosa,Guelph
9377,Guelph/Eramosa,Guelph
,Guelph/Eramosa,Guelph
9378,Guelph/Eramosa,Guelph
,Guelph/Eramosa,Guelph
9379,Guelph/Eramosa,Guelph
,Guelph/Eramosa,Guelph
9406,Guelph/Eramosa,Guelph
,Guelph/Eramosa,Guelph
9407,Guelph/Eramosa,Guelph
,Guelph/Eramosa,Guelph
9412,Guelph/Eramosa,Guelph
,Guelph/Eramosa,Guelph
9413,Guelph/Eramosa,Guelph
,Guelph/Eramosa,Guelph
9414,Guelph/Eramosa,Guelph
,Guelph/Eramosa,Guelph
9416,Guelph/Eramosa,Guelph
,Guelph/Eramosa,Guelph
9417,Guelph/Eramosa,Guelph
,Guelph/Eramosa,Guelph
9418,Guelph/Eramosa,Guelph
,Guelph/Eramosa,Guelph
9419,Guelph/Eramosa,Guelph
,Guelph/Eramosa,Guelph
9420,Guelph/Eramosa,Guelph
,Guelph/Eramosa,Guelph
9421,Guelph/Eramosa,Guelph
,Guelph/Eramosa,Guelph
9436,Guelph/Eramosa,Guelph
,Guelph/Eramosa,Guelph
9438,Guelph/Eramosa,Guelph
,Guelph/Eramosa,Guelph
9446,Guelph/Eramosa,Guelph
,Guelph/Eramosa,Guelph
9447,Guelph/Eramosa,Guelph
,Guelph/Eramosa,Guelph
9448,Guelph/Eramosa,Guelph
,Guelph/Eramosa,Guelph
9449,Guelph/Eramosa,Guelph
,Guelph/Eramosa,Guelph
9451,Guelph/Eramosa,Guelph
,Guelph/Eramosa,Guelph
9482,Montréal,Montreal
,Montréal,Montreal
9671,City of Saint John,Saint John
,City of Saint John,Saint John
9945,Montréal,Montreal
,Montréal,Montreal
9956,Montréal,Montreal
,Montréal,Montreal
10034,Area A (Baynes Sound),Hornby Island
,Area A (Baynes Sound),Hornby Island
10151,Montréal,Montreal
10152,Montréal,Montreal
10153,Montréal,Montreal
10831,Montréal,Montreal
,Montréal,Montreal
10895,Montréal,Montreal
,Montréal,Montreal
10896,Montréal,Montreal
,Montréal,Montreal
10897,Montréal,Montreal
,Montréal,Montreal
10898,Montréal,Montreal
,Montréal,Montreal
11102,Montréal,Montreal
,Montréal,Montreal
11105,Montréal,Montreal
,Montréal,Montreal
11106,Montréal,Montreal
,Montréal,Montreal
11107,Montréal,Montreal
,Montréal,Montreal
11108,Montréal,Montreal
,Montréal,Montreal
11109,Montréal,Montreal
,Montréal,Montreal
11113,Montréal,Montreal
,Montréal,Montreal
11114,Montréal,Montreal
,Montréal,Montreal
11119,Montréal,Montreal
,Montréal,Montreal
11131,Montréal,Montreal
,Montréal,Montreal
11258,Whistler Resort Municipality,Whistler
,Whistler Resort Municipality,Whistler
11524,Montréal,Montreal
,Montréal,Montreal
11694,Montréal,Montreal
,Montréal,Montreal
11695,Montréal,Montreal
,Montréal,Montreal
11696,Montréal,Montreal
,Montréal,Montreal
11697,Montréal,Montreal
,Montréal,Montreal
11698,Montréal,Montreal
,Montréal,Montreal
11699,Montréal,Montreal
,Montréal,Montreal
11701,Montréal,Montreal
,Montréal,Montreal
11703,Montréal,Montreal
,Montréal,Montreal
11704,Montréal,Montreal
,Montréal,Montreal
11705,Montréal,Montreal
,Montréal,Montreal
11706,Montréal,Montreal
,Montréal,Montreal
11707,Montréal,Montreal
,Montréal,Montreal
11708,Montréal,Montreal
,Montréal,Montreal
11766,Montréal,Montreal
,Montréal,Montreal
11767,Montréal,Montreal
,Montréal,Montreal
11768,Montréal,Montreal
,Montréal,Montreal
11769,Montréal,Montreal
,Montréal,Montreal
11770,Montréal,Montreal
,Montréal,Montreal
11771,Montréal,Montreal
,Montréal,Montreal
11772,Montréal,Montreal
,Montréal,Montreal
11780,Montréal,Montreal
,Montréal,Montreal
11781,Montréal,Montreal
,Montréal,Montreal
11782,Montréal,Montreal
,Montréal,Montreal
11785,City of Saint John,Saint John
,City of Saint John,Saint John
11833,Montréal,Montreal
,Montréal,Montreal
11870,Montréal,Montreal
,Montréal,Montreal
12048,Montréal,Montreal
,Montréal,Montreal
12049,Montréal,Montreal
,Montréal,Montreal
12432,North Vancouver,Vancouver
,North Vancouver,Vancouver
,North Vancouver,Vancouver
12433,North Vancouver,Vancouver
,North Vancouver,Vancouver
,North Vancouver,Vancouver
12434,North Vancouver,Vancouver
,North Vancouver,Vancouver
,North Vancouver,Vancouver
12435,North Vancouver,Vancouver
,North Vancouver,Vancouver
,North Vancouver,Vancouver
12436,North Vancouver,Vancouver
,North Vancouver,Vancouver
,North Vancouver,Vancouver
13040,City of Saint John,Saint John
,City of Saint John,Saint John
13041,City of Saint John,Saint John
,City of Saint John,Saint John
13042,City of Saint John,Saint John
,City of Saint John,Saint John
13043,City of Saint John,Saint John
,City of Saint John,Saint John
13044,City of Saint John,Saint John
,City of Saint John,Saint John
13175,Montréal,Montreal
,Montréal,Montreal
13584,Montréal,Montreal
,Montréal,Montreal
13585,Montréal,Montreal
,Montréal,Montreal
13586,Montréal,Montreal
,Montréal,Montreal
13587,Montréal,Montreal
,Montréal,Montreal
13588,Montréal,Montreal
,Montréal,Montreal
13589,Montréal,Montreal
,Montréal,Montreal
13590,Montréal,Montreal
,Montréal,Montreal
13591,Montréal,Montreal
,Montréal,Montreal
13592,Montréal,Montreal
,Montréal,Montreal
13593,Montréal,Montreal
,Montréal,Montreal
13594,Montréal,Montreal
,Montréal,Montreal
13595,Montréal,Montreal
,Montréal,Montreal
13596,Montréal,Montreal
,Montréal,Montreal
13597,Montréal,Montreal
,Montréal,Montreal
13598,Montréal,Montreal
,Montréal,Montreal
13599,Montréal,Montreal
,Montréal,Montreal
13600,Montréal,Montreal
,Montréal,Montreal
13601,Montréal,Montreal
,Montréal,Montreal
13602,Montréal,Montreal
,Montréal,Montreal
13603,Montréal,Montreal
,Montréal,Montreal
13604,Montréal,Montreal
,Montréal,Montreal
13605,Montréal,Montreal
,Montréal,Montreal
13606,Montréal,Montreal
,Montréal,Montreal
13607,Montréal,Montreal
,Montréal,Montreal
13608,Montréal,Montreal
,Montréal,Montreal
13609,Montréal,Montreal
,Montréal,Montreal
13610,Montréal,Montreal
,Montréal,Montreal
13611,Montréal,Montreal
,Montréal,Montreal
13612,Montréal,Montreal
,Montréal,Montreal
13613,Montréal,Montreal
,Montréal,Montreal
13614,Montréal,Montreal
,Montréal,Montreal
13615,Montréal,Montreal
,Montréal,Montreal
,North Vancouver,Vancouver
,North Vancouver,Vancouver
,North Vancouver,Vancouver
,North Vancouver,Vancouver
13927,Montréal,Montreal
,Montréal,Montreal
13991,Montréal,Montreal
,Montréal,Montreal
