SwallowID,Location
8342,"{""id"": ""60f878a678b942.20465834"", ""url"": """", ""notes"": ""\""Online Platform\"": \""Zoom\"""", ""venue"": ""Virtual Location "", ""address"": """", ""latitude"": """", ""longitude"": """"}"
8343,"{""id"": ""60f87b5506dcb1.28110138"", ""url"": """", ""notes"": ""\""Online Platform\"": \""Zoom\"""", ""venue"": ""Virtual Location"", ""address"": """", ""latitude"": """", ""longitude"": """"}"
8344,"{""id"": ""60f87d984bdeb5.40246243"", ""url"": """", ""notes"": ""\""Online Platform\"": \""Zoom\"""", ""venue"": ""Virtual Location"", ""address"": """", ""latitude"": """", ""longitude"": """"}"
8865,"{""id"": ""615f39c491a3b1.99134604"", ""url"": ""https://www.openstreetmap.org/?mlat=48.37159&mlon=-89.27975#map=18/48.37159/-89.27975"", ""notes"": ""\""Online platform\"": \""Zoom\"""", ""venue"": ""Virtual location"", ""address"": """", ""latitude"": ""48.37159"", ""longitude"": ""-89.27975"", ""city"": ""Thunder Bay""}"
9479,"{""id"": ""63698e33f0f423.66788118"", ""url"": """", ""notes"": ""\""Online platform\"": \""Zoom\"""", ""venue"": ""Virtual location"", ""address"": """", ""latitude"": """", ""longitude"": """"}"
9841,"{""id"": ""6269a25d4608f5.22563219"", ""url"": """", ""notes"": ""\""Online platform\"": \""Zoom\"""", ""venue"": ""Virtual location"", ""address"": """", ""latitude"": """", ""longitude"": """"}"
9843,"{""id"": ""6269ab2f4eaba5.87025914"", ""url"": """", ""notes"": ""\""Online platform\"": \""Zoom\"""", ""venue"": ""Virtual location"", ""address"": """", ""latitude"": """", ""longitude"": """"}"
9845,"{""id"": ""6269ad99464004.15203377"", ""url"": """", ""notes"": ""\""Online platform\"": \""Zoom\"""", ""venue"": ""Virtual location"", ""address"": """", ""latitude"": """", ""longitude"": """"}"
9849,"{""id"": ""6269b26d7f35e3.87770659"", ""url"": """", ""notes"": ""\""Online platform\"": \""Zoom\"""", ""venue"": ""Virtual location"", ""address"": """", ""latitude"": """", ""longitude"": """"}"
9852,"{""id"": ""6269b652225086.20929200"", ""url"": """", ""notes"": ""\""Online platform\"": \""Zoom\"""", ""venue"": ""Virtual location"", ""address"": """", ""latitude"": """", ""longitude"": """"}"
9855,"{""id"": ""6269b7c4232532.46937347"", ""url"": """", ""notes"": ""\""Online platform\"": \""Zoom\"""", ""venue"": ""Virtual location"", ""address"": """", ""latitude"": """", ""longitude"": """"}"
9858,"{""id"": ""6269be7bc18d52.32194785"", ""url"": """", ""notes"": ""\""Online platform\"": \""Zoom\"""", ""venue"": ""Virtual location"", ""address"": """", ""latitude"": """", ""longitude"": """"}"
9859,"{""id"": ""6269c670b04c50.78037376"", ""url"": """", ""notes"": ""\""Online platform\"": \""Zoom\"""", ""venue"": ""Virtual location"", ""address"": """", ""latitude"": """", ""longitude"": """"}"
9863,"{""id"": ""6269c9306f5687.34091962"", ""url"": """", ""notes"": ""\""Online platform\"": \""Zoom\"""", ""venue"": ""Virtual location"", ""address"": """", ""latitude"": """", ""longitude"": """"}"
9866,"{""id"": ""6269cc6976df57.40042312"", ""url"": """", ""notes"": ""\""Online platform\"": \""Zoom\"""", ""venue"": ""Virtual location"", ""address"": """", ""latitude"": """", ""longitude"": """"}"
9869,"{""id"": ""627820ffd05a91.76379920"", ""url"": """", ""notes"": ""\""Online platform\"": \""Zoom\"""", ""venue"": ""Virtual location"", ""address"": """", ""latitude"": """", ""longitude"": """"}"
9891,"{""id"": ""626b55c73419a6.09612652"", ""url"": """", ""notes"": ""\""Online Platform\"": \""Facebook Live\"""", ""venue"": ""Virtual Location"", ""address"": """", ""latitude"": """", ""longitude"": """"}"
9892,"{""id"": ""626b5719b0a6e6.13579834"", ""url"": """", ""notes"": ""\""Online Platform\"": \""Facebook Live\"""", ""venue"": ""Virtual Location"", ""address"": """", ""latitude"": """", ""longitude"": """"}"
9960,"{""id"": ""6271954c77ec00.13711164"", ""url"": """", ""notes"": ""\""Online Platform\"": \""Zoom\"""", ""venue"": ""Virtual Location"", ""address"": """", ""latitude"": """", ""longitude"": """"}"
9962,"{""id"": ""627197805fcbf6.57431516"", ""url"": """", ""notes"": ""\""Online Platform\"": \""Zoom\"""", ""venue"": ""Virtual Location"", ""address"": """", ""latitude"": """", ""longitude"": """"}"
9966,"{""id"": ""6272a68ca6bf96.78528279"", ""url"": """", ""notes"": ""\""Online Platform\"": \""Zoom\"""", ""venue"": ""Virtual Location"", ""address"": """", ""latitude"": """", ""longitude"": """"}"
9967,"{""id"": ""6272a7ae0a4a64.51570994"", ""url"": """", ""notes"": ""\""Online Platform\"": \""Zoom\""\n"", ""venue"": ""Virtual Location"", ""address"": """", ""latitude"": """", ""longitude"": """"}"
9968,"{""id"": ""6272a89643d9f4.32903294"", ""url"": """", ""notes"": ""\""Online Platform\"": \""Zoom\"""", ""venue"": ""Virtual Location"", ""address"": """", ""latitude"": """", ""longitude"": """"}"
9969,"{""id"": ""6272a9ae9ba591.74055479"", ""url"": """", ""notes"": ""\""Online Platform\"": \""Zoom\"""", ""venue"": ""Virtual Location"", ""address"": """", ""latitude"": """", ""longitude"": """"}"
9970,"{""id"": ""6272aaadccc036.37411558"", ""url"": """", ""notes"": ""\""Online Platform\"": \""Zoom\"""", ""venue"": ""Virtual Location"", ""address"": """", ""latitude"": """", ""longitude"": """"}"
9971,"{""id"": ""6272ac0fa76734.79156555"", ""url"": """", ""notes"": ""\""Online Platform\"": \""Zoom\"""", ""venue"": ""Virtual Location"", ""address"": """", ""latitude"": """", ""longitude"": """"}"
9972,"{""id"": ""6272ad07c40ec2.98413173"", ""url"": """", ""notes"": ""\""Online Platform\"": \""Zoom\"""", ""venue"": ""Virtual Location"", ""address"": """", ""latitude"": """", ""longitude"": """"}"
9973,"{""id"": ""6272ae0d843840.53925436"", ""url"": """", ""notes"": ""\""Online Platform\"": \""Zoom\"""", ""venue"": ""Virtual Location"", ""address"": """", ""latitude"": """", ""longitude"": """"}"
9974,"{""id"": ""6272aefc261415.57085585"", ""url"": """", ""notes"": ""\""Online Platform\"": \""Zoom\"""", ""venue"": ""Virtual Location"", ""address"": """", ""latitude"": """", ""longitude"": """"}"
10010,"{""id"": ""62782b4f3c0ba9.77088657"", ""url"": """", ""notes"": ""\""Online platform\"": \""Zoom\"""", ""venue"": ""Virtual location"", ""address"": """", ""latitude"": """", ""longitude"": """"}"
10012,"{""id"": ""62782ede5718f3.86404863"", ""url"": """", ""notes"": ""\""Online platform\"": \""Zoom\"""", ""venue"": ""Virtual location"", ""address"": """", ""latitude"": """", ""longitude"": """"}"
10013,"{""id"": ""627830aa67e4c5.35303204"", ""url"": """", ""notes"": ""\""Online platform\"": \""Zoom\"""", ""venue"": ""Virtual location"", ""address"": """", ""latitude"": """", ""longitude"": """"}"
10014,"{""id"": ""627832b90610a1.14699454"", ""url"": """", ""notes"": ""\""Online platform\"": \""Zoom\"""", ""venue"": ""Virtual location"", ""address"": """", ""latitude"": """", ""longitude"": """"}"
10015,"{""id"": ""62783640de8b72.06471977"", ""url"": """", ""notes"": ""\""Online platform\"": \""Zoom\"""", ""venue"": ""Virtual location"", ""address"": """", ""latitude"": """", ""longitude"": """"}"
10016,"{""id"": ""62783a05334880.84919190"", ""url"": """", ""notes"": ""\""Online platform\"": \""Zoom\"""", ""venue"": ""Virtual location"", ""address"": """", ""latitude"": """", ""longitude"": """"}"
10017,"{""id"": ""62783c074bb4a6.31919951"", ""url"": """", ""notes"": ""\""Online platform\"": \""Zoom\"""", ""venue"": ""Virtual location"", ""address"": """", ""latitude"": """", ""longitude"": """"}"
10018,"{""id"": ""62ae427bee6dc7.44155233"", ""url"": """", ""notes"": ""\""Online platform\"": \""Zoom\"""", ""venue"": ""Virtual location"", ""address"": """", ""latitude"": """", ""longitude"": """"}"
10035,"{""id"": ""627a974e1831e8.31049950"", ""url"": """", ""notes"": ""\""Online platform\"": \""Zoom\"""", ""venue"": ""Virtual Location"", ""address"": """", ""latitude"": """", ""longitude"": """"}"
10107,"{""id"": ""62893004bce3b0.09875979"", ""url"": """", ""notes"": ""\""Online Platform\"": \""Zoom\"""", ""venue"": """", ""address"": """", ""latitude"": """", ""longitude"": """"}"
10108,"{""id"": ""628d557ed668a9.13896167"", ""url"": """", ""notes"": ""\""Online platform\"": \""Zoom\"""", ""venue"": """", ""address"": """", ""latitude"": """", ""longitude"": """"}"
10253,"{""id"": ""62ab7020bba9d8.60666387"", ""url"": """", ""notes"": ""\""Online platform\"": \""Zoom\"""", ""venue"": """", ""address"": """", ""latitude"": """", ""longitude"": """"}"
10262,"{""id"": ""62ae45de4e5be4.67748562"", ""url"": """", ""notes"": ""\""Online platform\"": \""Zoom\"""", ""venue"": ""Virtual location"", ""address"": """", ""latitude"": """", ""longitude"": """"}"
10263,"{""id"": ""62ae4abd485b13.86557828"", ""url"": """", ""notes"": ""\""Online platform\"": \""Zoom\"""", ""venue"": ""Virtual location"", ""address"": """", ""latitude"": """", ""longitude"": """"}"
10264,"{""id"": ""62be122ae415b7.53063493"", ""url"": """", ""notes"": ""\""Online platform\"": \""Zoom\"""", ""venue"": ""Virtual location"", ""address"": """", ""latitude"": """", ""longitude"": """"}"
10269,"{""id"": ""62b10b862d3e58.42380328"", ""url"": """", ""notes"": ""\""Online platform\"": \""Instagram Live\"""", ""venue"": ""Virtual Location"", ""address"": """", ""latitude"": """", ""longitude"": """"}"
10270,"{""id"": ""62b10c61f40038.79714288"", ""url"": """", ""notes"": ""\""Online Platform\"""", ""venue"": ""Virtual Location"", ""address"": """", ""latitude"": """", ""longitude"": """"}"
10271,"{""id"": ""62b10d9f363600.78469577"", ""url"": """", ""notes"": ""\""Online Platform\"": \n\n"", ""venue"": ""Virtual Location"", ""address"": """", ""latitude"": """", ""longitude"": """"}"
10272,"{""id"": ""62b10e7ade1970.22304102"", ""url"": """", ""notes"": ""\""Online Platform\"": \""Facebook Live\"""", ""venue"": ""Virtual Location"", ""address"": """", ""latitude"": """", ""longitude"": """"}"
10278,"{""id"": ""62b4ab0eeb0945.99311646"", ""url"": """", ""notes"": ""\""Online Platform\"": \""Zoom"", ""venue"": ""Virtual Location"", ""address"": """", ""latitude"": """", ""longitude"": """"}"
10279,"{""id"": ""62b4acc5407776.65256526"", ""url"": """", ""notes"": ""\""Online Platform\"""", ""venue"": ""Virtual Location"", ""address"": """", ""latitude"": """", ""longitude"": """"}"
10280,"{""id"": ""62b4ada96321c5.60706881"", ""url"": """", ""notes"": ""\""Online Platform\"": \""Discord\"""", ""venue"": ""Virtual Location"", ""address"": """", ""latitude"": """", ""longitude"": """"}"
10281,"{""id"": ""62b4b07c0329b9.39729470"", ""url"": """", ""notes"": ""\""Online Platform\"": \""Discord\"""", ""venue"": ""Virtual Location"", ""address"": """", ""latitude"": """", ""longitude"": """"}"
10282,"{""id"": ""62b4b1311c19e0.16158362"", ""url"": """", ""notes"": ""\""Online Platform\"": \""Discord\"""", ""venue"": ""Virtual Location"", ""address"": """", ""latitude"": """", ""longitude"": """"}"
10283,"{""id"": ""62b4b428daa5c2.27643246"", ""url"": """", ""notes"": ""\""Online Platform\"": \""Discord\"""", ""venue"": ""Virtual Location"", ""address"": """", ""latitude"": """", ""longitude"": """"}"
10284,"{""id"": ""62b4b732cdd076.16234168"", ""url"": """", ""notes"": ""\""Online Platform\"": \""YouTube\"": \""Discord\"""", ""venue"": ""Virtual Location"", ""address"": """", ""latitude"": """", ""longitude"": """"}"
10285,"{""id"": ""62b4bc054e92e9.46436753"", ""url"": """", ""notes"": ""\""Online Platform\"": \""YouTube\"": \""Discord\"""", ""venue"": ""Virtual Location"", ""address"": """", ""latitude"": """", ""longitude"": """"}"
10286,"{""id"": ""62b4bd69020d48.06719629"", ""url"": """", ""notes"": ""\""Online Platform\"": \""Discord\"": \""YouTube\"""", ""venue"": ""Virtual Location"", ""address"": """", ""latitude"": """", ""longitude"": """"}"
10288,"{""id"": ""62b5de486145c5.35833855"", ""url"": """", ""notes"": ""\""Online Platform\"": \""Zoom\"""", ""venue"": ""Virtual Location"", ""address"": """", ""latitude"": """", ""longitude"": """"}"
10289,"{""id"": ""62b5df6c0f19b7.57837548"", ""url"": """", ""notes"": ""\""Online Platform\"": \""Zoom\"""", ""venue"": ""Virtual Location"", ""address"": """", ""latitude"": """", ""longitude"": """"}"
10292,"{""id"": ""62b5e869dd6c20.68769716"", ""url"": """", ""notes"": ""\""Online Platform\"": \""Facebook\"": \""YouTube\"""", ""venue"": ""Virtual Location"", ""address"": """", ""latitude"": """", ""longitude"": """"}"
10293,"{""id"": ""62b5ea253916a5.47064617"", ""url"": """", ""notes"": ""\""Online Platform\"": \""Facebook\"": \""YouTube\"""", ""venue"": ""Virtual Location"", ""address"": """", ""latitude"": """", ""longitude"": """"}"
10319,"{""id"": ""62bdd6ed6b85b1.87613063"", ""url"": """", ""notes"": ""\""Online platform\"": \""Zoom\"""", ""venue"": ""Virtual Location"", ""address"": """", ""latitude"": """", ""longitude"": """"}"
10320,"{""id"": ""62bdd7dfb3c7e5.82185215"", ""url"": """", ""notes"": ""\""Online Platform\"": \""Zoom\"""", ""venue"": ""Virtual Location"", ""address"": """", ""latitude"": """", ""longitude"": """"}"
10339,"{""id"": ""62be183eeff8e8.27996928"", ""url"": """", ""notes"": ""\""Online platform\"": \""Zoom\"""", ""venue"": ""Virtual location"", ""address"": """", ""latitude"": """", ""longitude"": """"}"
10340,"{""id"": ""62be19ac230f99.92252835"", ""url"": """", ""notes"": ""\""Online platform\"": \""Zoom\"""", ""venue"": ""Virtual location"", ""address"": """", ""latitude"": """", ""longitude"": """"}"
10341,"{""id"": ""62be1deae57c93.19707875"", ""url"": """", ""notes"": ""\""Online platform\"": \""Zoom\"""", ""venue"": ""Virtual location"", ""address"": """", ""latitude"": """", ""longitude"": """"}"
10342,"{""id"": ""62be1f38aeb198.88732070"", ""url"": """", ""notes"": ""\""Online platform\"": \""Zoom\"""", ""venue"": ""Virtual location"", ""address"": """", ""latitude"": """", ""longitude"": """"}"
10343,"{""id"": ""62be2100b409a8.18792311"", ""url"": """", ""notes"": ""\""Online platform\"": \""Zoom\"""", ""venue"": ""Virtual location"", ""address"": """", ""latitude"": """", ""longitude"": """"}"
10344,"{""id"": ""62c32e12cba948.73086907"", ""url"": """", ""notes"": ""\""Online platform\"": \""Zoom\"""", ""venue"": ""Virtual location"", ""address"": """", ""latitude"": """", ""longitude"": """"}"
10355,"{""id"": ""62c32fda843327.05961671"", ""url"": """", ""notes"": ""\""Online platform\"": \""Zoom\"""", ""venue"": ""Virtual location"", ""address"": """", ""latitude"": """", ""longitude"": """"}"
10356,"{""id"": ""62c331edb44784.83529408"", ""url"": """", ""notes"": ""\""Online platform\"": \""Zoom\"""", ""venue"": ""Virtual location"", ""address"": """", ""latitude"": """", ""longitude"": """"}"
10357,"{""id"": ""62c333ce659fb1.02180874"", ""url"": """", ""notes"": ""\""Online platform\"": \""Zoom\"""", ""venue"": ""Virtual location"", ""address"": """", ""latitude"": """", ""longitude"": """"}"
10358,"{""id"": ""62c337b072e8c5.75528508"", ""url"": """", ""notes"": ""\""Online platform\"": \""Zoom\"""", ""venue"": ""Virtual location"", ""address"": """", ""latitude"": """", ""longitude"": """"}"
10360,"{""id"": ""62c33f38b76b59.93651801"", ""url"": """", ""notes"": ""\""Online platform\"": \""Zoom\"""", ""venue"": ""Virtual location"", ""address"": """", ""latitude"": """", ""longitude"": """"}"
10361,"{""id"": ""62c3413ddb3ac2.98536992"", ""url"": """", ""notes"": ""\""Online platform\"": \""Zoom\"""", ""venue"": ""Virtual location"", ""address"": """", ""latitude"": """", ""longitude"": """"}"
10362,"{""id"": ""62c34299f2cdf9.77823941"", ""url"": """", ""notes"": ""\""Online platform\"": \""Zoom\"""", ""venue"": ""Virtual location"", ""address"": """", ""latitude"": """", ""longitude"": """"}"
10363,"{""id"": ""62c34412302df2.15820689"", ""url"": """", ""notes"": ""\""Online platform\"": \""Zoom\"""", ""venue"": ""Virtual location"", ""address"": """", ""latitude"": """", ""longitude"": """"}"
10389,"{""id"": ""62cc6889ab6771.36759429"", ""url"": """", ""notes"": ""\""Online platform\"": \""Zoom\"""", ""venue"": ""Virtual location"", ""address"": """", ""latitude"": """", ""longitude"": """"}"
10545,"{""id"": ""62f2b5c3a42842.61514764"", ""url"": """", ""notes"": ""\""Online platform\"": \""Zoom\"""", ""venue"": ""Virtual location"", ""address"": """", ""latitude"": """", ""longitude"": """"}"
10598,"{""id"": ""62e81eb73a6283.86185253"", ""url"": """", ""notes"": ""\""Online Platform\"": \""Facebook\"""", ""venue"": ""Virtual Location"", ""address"": """", ""latitude"": """", ""longitude"": """"}"
10599,"{""id"": ""62e81f60792494.09495247"", ""url"": """", ""notes"": ""\""Online Platform\"": \""Facebook\"""", ""venue"": ""Virtual Location"", ""address"": """", ""latitude"": """", ""longitude"": """"}"
10600,"{""id"": ""62e821286c9c55.10462162"", ""url"": """", ""notes"": ""\""Online Platform\"": \""Facebook\"""", ""venue"": ""Virtual Location"", ""address"": """", ""latitude"": """", ""longitude"": """"}"
10601,"{""id"": ""62e821cca742f3.46321350"", ""url"": """", ""notes"": ""\""Online platform\"": \""Facebook\"": \""YouTube\"""", ""venue"": ""Virtual Location"", ""address"": """", ""latitude"": """", ""longitude"": """"}"
10602,"{""id"": ""62e822f61ada29.09251129"", ""url"": """", ""notes"": ""\""Online Platform\"": \""Youtube\"": \""Facebook\"""", ""venue"": ""Virtual Location"", ""address"": """", ""latitude"": """", ""longitude"": """"}"
10603,"{""id"": ""62e8264f602517.94268608"", ""url"": """", ""notes"": ""\""Online Platform\"": "", ""venue"": ""Virtual Location"", ""address"": """", ""latitude"": """", ""longitude"": """"}"
10607,"{""id"": ""62e99a4cd221a6.93794682"", ""url"": """", ""notes"": ""\""Online Platform\"""", ""venue"": ""Virtual Location"", ""address"": """", ""latitude"": """", ""longitude"": """"}"
10608,"{""id"": ""62e99aec7188b5.43636641"", ""url"": """", ""notes"": ""\""Online Platform\"""", ""venue"": ""Virtual Location"", ""address"": """", ""latitude"": """", ""longitude"": """"}"
10609,"{""id"": ""62e99ba7278103.21560302"", ""url"": """", ""notes"": ""\""Online Platform\"""", ""venue"": ""Virtual Location"", ""address"": """", ""latitude"": """", ""longitude"": """"}"
10717,"{""id"": ""62f2c0e485ef55.35483394"", ""url"": """", ""notes"": ""\""Online platform\"": \""Youtube\"""", ""venue"": ""Virtual location"", ""address"": """", ""latitude"": """", ""longitude"": """"}"
10720,"{""id"": ""62f2c43e9ce3b9.32169776"", ""url"": """", ""notes"": ""\""Online platform\"": \""Youtube\"""", ""venue"": ""Virtual location"", ""address"": """", ""latitude"": """", ""longitude"": """"}"
10721,"{""id"": ""62f2cb385f3cc1.40321039"", ""url"": """", ""notes"": ""\""Online platform\"": \""Youtube\"""", ""venue"": ""Virtual location"", ""address"": """", ""latitude"": """", ""longitude"": """"}"
10723,"{""id"": ""62f2cee118db01.86246609"", ""url"": """", ""notes"": ""\""Online platform\"": \""Youtube\"""", ""venue"": ""Virtual location"", ""address"": """", ""latitude"": """", ""longitude"": """"}"
10724,"{""id"": ""62f2d21c687a86.95162187"", ""url"": """", ""notes"": ""\""Online platform\"": \""Youtube\"""", ""venue"": ""Virtual location"", ""address"": """", ""latitude"": """", ""longitude"": """"}"
10725,"{""id"": ""62f2d5531a5f44.80458367"", ""url"": """", ""notes"": ""\""Online platform\"": \""Youtube\"""", ""venue"": ""Virtual location"", ""address"": """", ""latitude"": """", ""longitude"": """"}"
10726,"{""id"": ""62f2d9705a8d14.12623209"", ""url"": """", ""notes"": ""\""Online platform\"": \""Youtube\"""", ""venue"": ""Virtual location"", ""address"": """", ""latitude"": """", ""longitude"": """"}"
10727,"{""id"": ""62f3ec0ff10768.55274670"", ""url"": """", ""notes"": ""\""Online platform\"": \""Youtube\"""", ""venue"": ""Virtual location"", ""address"": """", ""latitude"": """", ""longitude"": """"}"
10738,"{""id"": ""62f3ee5f6027b8.21775566"", ""url"": """", ""notes"": ""\""Online platform\"": \""Youtube\"""", ""venue"": ""Virtual location"", ""address"": """", ""latitude"": """", ""longitude"": """"}"
10739,"{""id"": ""62f3f0c5915597.92123645"", ""url"": """", ""notes"": ""\""Online platform\"": \""Youtube\"""", ""venue"": ""Virtual location"", ""address"": """", ""latitude"": """", ""longitude"": """"}"
10747,"{""id"": ""62f41be0b10287.36666634"", ""url"": """", ""notes"": ""\""Online platform\"": \""Youtube\"""", ""venue"": ""Virtual location"", ""address"": """", ""latitude"": """", ""longitude"": """"}"
10752,"{""id"": ""62f41ddf0357d9.58440414"", ""url"": """", ""notes"": ""\""Online platform\"": \""Youtube\"""", ""venue"": ""Virtual location"", ""address"": """", ""latitude"": """", ""longitude"": """"}"
10753,"{""id"": ""62f41f45526f47.83778428"", ""url"": """", ""notes"": ""\""Online platform\"": \""Youtube\"""", ""venue"": ""Virtual location"", ""address"": """", ""latitude"": """", ""longitude"": """"}"
10754,"{""id"": ""62f420f85b51d8.64973631"", ""url"": """", ""notes"": ""\""Online platform\"": \""Youtube\"""", ""venue"": ""Virtual location"", ""address"": """", ""latitude"": """", ""longitude"": """"}"
10755,"{""id"": ""62f422ff3cc3a4.45042155"", ""url"": """", ""notes"": ""\""Online platform\"": \""Youtube\"""", ""venue"": ""Virtual location"", ""address"": """", ""latitude"": """", ""longitude"": """"}"
10756,"{""id"": ""62f4249729f6c5.44426389"", ""url"": """", ""notes"": ""\""Online platform\"": \""Youtube\"""", ""venue"": ""Virtual location"", ""address"": """", ""latitude"": """", ""longitude"": """"}"
10757,"{""id"": ""62f42933540996.31646387"", ""url"": """", ""notes"": ""\""Online platform\"": \""Youtube\"""", ""venue"": ""Virtual location"", ""address"": """", ""latitude"": """", ""longitude"": """"}"
10758,"{""id"": ""62f42ed80a87b9.56173048"", ""url"": """", ""notes"": ""\""Online platform\"": \""Youtube\"""", ""venue"": ""Virtual location"", ""address"": """", ""latitude"": """", ""longitude"": """"}"
10759,"{""id"": ""62f4321d2f15f3.76076947"", ""url"": """", ""notes"": ""\""Online platform\"": \""Youtube\"""", ""venue"": ""Virtual location"", ""address"": """", ""latitude"": """", ""longitude"": """"}"
10760,"{""id"": ""62f433dc0c3bd6.82709201"", ""url"": """", ""notes"": ""\""Online platform\"": \""Youtube\"""", ""venue"": ""Virtual location"", ""address"": """", ""latitude"": """", ""longitude"": """"}"
10761,"{""id"": ""62f435a0a87226.90615065"", ""url"": """", ""notes"": ""\""Online platform\"": \""Youtube\"""", ""venue"": ""Virtual location"", ""address"": """", ""latitude"": """", ""longitude"": """"}"
10762,"{""id"": ""62f4373f219025.86302675"", ""url"": """", ""notes"": ""\""Online platform\"": \""Youtube\"""", ""venue"": ""Virtual location"", ""address"": """", ""latitude"": """", ""longitude"": """"}"
10763,"{""id"": ""62f5895b8618f7.71861091"", ""url"": """", ""notes"": ""\""Online platform\"": \""Youtube\"""", ""venue"": ""Virtual location"", ""address"": """", ""latitude"": """", ""longitude"": """"}"
10772,"{""id"": ""62f58aabdc00e7.41430477"", ""url"": """", ""notes"": ""\""Online platform\"": \""Youtube\"""", ""venue"": ""Virtual location"", ""address"": """", ""latitude"": """", ""longitude"": """"}"
10773,"{""id"": ""62f58d67beb0a6.85183957"", ""url"": """", ""notes"": ""\""Online platform\"": \""Youtube\"""", ""venue"": ""Virtual location"", ""address"": """", ""latitude"": """", ""longitude"": """"}"
10774,"{""id"": ""62fbd8302b53b9.22573416"", ""url"": """", ""notes"": ""\""Online platform\"": \""Youtube\"""", ""venue"": ""Virtual location"", ""address"": """", ""latitude"": """", ""longitude"": """"}"
10824,"{""id"": ""62fbee5c58b652.26990884"", ""url"": """", ""notes"": ""\""Online platform\"": \""Youtube\"""", ""venue"": ""Virtual location"", ""address"": """", ""latitude"": """", ""longitude"": """"}"
10830,"{""id"": ""62fbf33089ece9.76783700"", ""url"": """", ""notes"": ""\""Online platform\"": \""Youtube\"""", ""venue"": ""Virtual location"", ""address"": """", ""latitude"": """", ""longitude"": """"}"
10832,"{""id"": ""62fbf716aee2f3.98938492"", ""url"": """", ""notes"": ""\""Online platform\"": \""Youtube\"""", ""venue"": ""Virtual location"", ""address"": """", ""latitude"": """", ""longitude"": """"}"
10834,"{""id"": ""62fc0e7bbc2366.12413765"", ""url"": """", ""notes"": ""\""Online platform\"": \""Youtube\"""", ""venue"": ""Virtual location"", ""address"": """", ""latitude"": """", ""longitude"": """"}"
10842,"{""id"": ""62fc1161196a36.61901800"", ""url"": """", ""notes"": ""\""Online platform\"": \""Youtube\"""", ""venue"": ""Virtual location"", ""address"": """", ""latitude"": """", ""longitude"": """"}"
10843,"{""id"": ""62fc1372735b76.14922390"", ""url"": """", ""notes"": ""\""Online platform\"": \""Youtube\"""", ""venue"": ""Virtual location"", ""address"": """", ""latitude"": """", ""longitude"": """"}"
10844,"{""id"": ""62fc15c06b8233.60874464"", ""url"": """", ""notes"": ""\""Online platform\"": \""Youtube\"""", ""venue"": ""Virtual location"", ""address"": """", ""latitude"": """", ""longitude"": """"}"
10845,"{""id"": ""62fd2746676757.89466548"", ""url"": """", ""notes"": ""\""Online platform\"": \""Youtube\"""", ""venue"": ""Virtual location"", ""address"": """", ""latitude"": """", ""longitude"": """"}"
10862,"{""id"": ""62fd298c146715.36783958"", ""url"": """", ""notes"": ""\""Online platform\"": \""Youtube\"""", ""venue"": ""Virtual location"", ""address"": """", ""latitude"": """", ""longitude"": """"}"
10869,"{""id"": ""62fd600e5675c8.86216760"", ""url"": """", ""notes"": ""\""Online platform\"": \""Youtube\"""", ""venue"": ""Virtual location"", ""address"": """", ""latitude"": """", ""longitude"": """"}"
10870,"{""id"": ""62fd6412d3a603.54961287"", ""url"": """", ""notes"": ""\""Online platform\"": \""Youtube\"""", ""venue"": ""Virtual location"", ""address"": """", ""latitude"": """", ""longitude"": """"}"
10871,"{""id"": ""62fd66e38742a3.62528825"", ""url"": """", ""notes"": ""\""Online platform\"": \""Youtube\"""", ""venue"": ""Virtual location"", ""address"": """", ""latitude"": """", ""longitude"": """"}"
10872,"{""id"": ""62fd69b8585ef7.09830308"", ""url"": """", ""notes"": ""\""Online platform\"": \""Youtube\"""", ""venue"": ""Virtual location"", ""address"": """", ""latitude"": """", ""longitude"": """"}"
10873,"{""id"": ""62fd6c69cae574.96679550"", ""url"": """", ""notes"": ""\""Online platform\"": \""Youtube\"""", ""venue"": ""Virtual location"", ""address"": """", ""latitude"": """", ""longitude"": """"}"
10874,"{""id"": ""62fe99a2ef6fc5.59546692"", ""url"": """", ""notes"": ""\""Online platform\"": \""Youtube\"""", ""venue"": ""Virtual location"", ""address"": """", ""latitude"": """", ""longitude"": """"}"
10875,"{""id"": ""62feabeb4626f5.39878432"", ""url"": """", ""notes"": ""\""Online platform\"": \""Youtube\"""", ""venue"": ""Virtual location"", ""address"": """", ""latitude"": """", ""longitude"": """"}"
10876,"{""id"": ""62feae1197ba68.15347805"", ""url"": """", ""notes"": ""\""Online platform\"": \""Youtube\"""", ""venue"": ""Virtual location"", ""address"": """", ""latitude"": """", ""longitude"": """"}"
10877,"{""id"": ""62feb05d62f6f2.05594502"", ""url"": """", ""notes"": ""\""Online platform\"": \""Youtube\"""", ""venue"": ""Virtual location"", ""address"": """", ""latitude"": """", ""longitude"": """"}"
10878,"{""id"": ""62feb231888d29.16354928"", ""url"": """", ""notes"": ""\""Online platform\"": \""Youtube\"""", ""venue"": ""Virtual location"", ""address"": """", ""latitude"": """", ""longitude"": """"}"
10879,"{""id"": ""6303cfa371a253.08038357"", ""url"": """", ""notes"": ""\""Online platform\"": \""Youtube\"""", ""venue"": ""Virtual location"", ""address"": """", ""latitude"": """", ""longitude"": """"}"
10905,"{""id"": ""6303d589783971.70314572"", ""url"": """", ""notes"": ""\""Online platform\"": \""Youtube\"""", ""venue"": ""Virtual location"", ""address"": """", ""latitude"": """", ""longitude"": """"}"
10906,"{""id"": ""6303d962b3d227.37913970"", ""url"": """", ""notes"": ""\""Online platform\"": \""Youtube\"""", ""venue"": ""Virtual location"", ""address"": """", ""latitude"": """", ""longitude"": """"}"
10907,"{""id"": ""6303ddbba86502.24139472"", ""url"": """", ""notes"": ""\""Online platform\"": \""Youtube\"""", ""venue"": ""Virtual location"", ""address"": """", ""latitude"": """", ""longitude"": """"}"
10908,"{""id"": ""6303dfb808e4a4.54563215"", ""url"": """", ""notes"": ""\""Online platform\"": \""Youtube\"""", ""venue"": ""Virtual location"", ""address"": """", ""latitude"": """", ""longitude"": """"}"
10909,"{""id"": ""6303f18d4138f9.24759666"", ""url"": """", ""notes"": ""\""Online platform\"": \""Youtube\"""", ""venue"": ""Virtual location"", ""address"": """", ""latitude"": """", ""longitude"": """"}"
10910,"{""id"": ""6303f55654eae7.93308923"", ""url"": """", ""notes"": ""\""Online platform\"": \""Youtube\"""", ""venue"": ""Virtual location"", ""address"": """", ""latitude"": """", ""longitude"": """"}"
10911,"{""id"": ""6303f786e05ae6.28799498"", ""url"": """", ""notes"": ""\""Online platform\"": \""Youtube\"""", ""venue"": ""Virtual location"", ""address"": """", ""latitude"": """", ""longitude"": """"}"
10912,"{""id"": ""6303fcca1f5c58.65272626"", ""url"": """", ""notes"": ""\""Online platform\"": \""Youtube\"""", ""venue"": ""Virtual location"", ""address"": """", ""latitude"": """", ""longitude"": """"}"
10913,"{""id"": ""630526af238ee8.95390314"", ""url"": """", ""notes"": ""\""Online platform\"": \""Youtube\"""", ""venue"": ""Virtual location"", ""address"": """", ""latitude"": """", ""longitude"": """"}"
10914,"{""id"": ""63052b18ad2857.86576249"", ""url"": """", ""notes"": ""\""Online platform\"": \""Youtube\"""", ""venue"": ""Virtual location"", ""address"": """", ""latitude"": """", ""longitude"": """"}"
10916,"{""id"": ""63052e29764460.30997591"", ""url"": """", ""notes"": ""\""Online platform\"": \""Youtube\"""", ""venue"": ""Virtual location"", ""address"": """", ""latitude"": """", ""longitude"": """"}"
10917,"{""id"": ""6305415077b3d1.23467190"", ""url"": """", ""notes"": ""\""Online platform\"": \""Youtube\"""", ""venue"": ""Virtual location"", ""address"": """", ""latitude"": """", ""longitude"": """"}"
10918,"{""id"": ""63054362ed9889.59998747"", ""url"": """", ""notes"": ""\""Online platform\"": \""Youtube\"""", ""venue"": ""Virtual location"", ""address"": """", ""latitude"": """", ""longitude"": """"}"
10919,"{""id"": ""630545f3954fd1.57762603"", ""url"": """", ""notes"": ""\""Online platform\"": \""Youtube\"""", ""venue"": ""Virtual location"", ""address"": """", ""latitude"": """", ""longitude"": """"}"
10920,"{""id"": ""63054914d5a2f8.57744792"", ""url"": """", ""notes"": ""\""Online platform\"": \""Youtube\"""", ""venue"": ""Virtual location"", ""address"": """", ""latitude"": """", ""longitude"": """"}"
10921,"{""id"": ""63054abeb35d48.92369248"", ""url"": """", ""notes"": ""\""Online platform\"": \""Youtube\"""", ""venue"": ""Virtual location"", ""address"": """", ""latitude"": """", ""longitude"": """"}"
10922,"{""id"": ""63054e1173cc80.00272674"", ""url"": """", ""notes"": ""\""Online platform\"": \""Youtube\"""", ""venue"": ""Virtual location"", ""address"": """", ""latitude"": """", ""longitude"": """"}"
10923,"{""id"": ""63066ec76fa5b5.02183456"", ""url"": """", ""notes"": ""\""Online platform\"": \""Youtube\"""", ""venue"": ""Virtual location"", ""address"": """", ""latitude"": """", ""longitude"": """"}"
10924,"{""id"": ""63067b30aa15b3.59931534"", ""url"": """", ""notes"": ""\""Online platform\"": \""Youtube\"""", ""venue"": ""Virtual location"", ""address"": """", ""latitude"": """", ""longitude"": """"}"
10925,"{""id"": ""63067f4c0caa42.96033021"", ""url"": """", ""notes"": ""\""Online platform\"": \""Youtube\"""", ""venue"": ""Virtual location"", ""address"": """", ""latitude"": """", ""longitude"": """"}"
10926,"{""id"": ""6306821529d916.68663562"", ""url"": """", ""notes"": ""\""Online platform\"": \""Youtube\"""", ""venue"": ""Virtual location"", ""address"": """", ""latitude"": """", ""longitude"": """"}"
10927,"{""id"": ""63069347b16170.74938662"", ""url"": """", ""notes"": ""\""Online platform\"": \""Youtube\"""", ""venue"": ""Virtual location"", ""address"": """", ""latitude"": """", ""longitude"": """"}"
10928,"{""id"": ""6306970036d761.77444223"", ""url"": """", ""notes"": ""\""Online platform\"": \""Youtube\"""", ""venue"": ""Virtual location"", ""address"": """", ""latitude"": """", ""longitude"": """"}"
10929,"{""id"": ""630698b4760bf7.03283840"", ""url"": """", ""notes"": ""\""Online platform\"": \""Youtube\"""", ""venue"": ""Virtual location"", ""address"": """", ""latitude"": """", ""longitude"": """"}"
10979,"{""id"": ""6316384eb4b9c4.73980443"", ""url"": """", ""notes"": ""\""Online platform\"": \""Zoom\"""", ""venue"": ""Virtual location"", ""address"": """", ""latitude"": """", ""longitude"": """"}"
10982,"{""id"": ""631644a85c1014.48073162"", ""url"": """", ""notes"": ""\""Online platform\"": \""Zoom\"""", ""venue"": ""Virtual location"", ""address"": """", ""latitude"": """", ""longitude"": """"}"
10983,"{""id"": ""63164601f00252.55866201"", ""url"": """", ""notes"": ""\""Online platform\"": \""Zoom\"""", ""venue"": ""Virtual location"", ""address"": """", ""latitude"": """", ""longitude"": """"}"
10984,"{""id"": ""63165135bc5187.59085879"", ""url"": """", ""notes"": ""\""Online platform\"": \""Zoom\"""", ""venue"": ""Virtual location"", ""address"": """", ""latitude"": """", ""longitude"": """"}"
10985,"{""id"": ""631652a4737ea6.39227385"", ""url"": """", ""notes"": ""\""Online platform\"": \""Zoom\"""", ""venue"": ""Virtual location"", ""address"": """", ""latitude"": """", ""longitude"": """"}"
10986,"{""id"": ""6316544cdfc8f8.32663277"", ""url"": """", ""notes"": ""\""Online platform\"": \""Zoom\"""", ""venue"": ""Virtual location"", ""address"": """", ""latitude"": """", ""longitude"": """"}"
10987,"{""id"": ""63165ecd5f2337.43145933"", ""url"": """", ""notes"": ""\""Online platform\"": \""Zoom\"""", ""venue"": ""Virtual location"", ""address"": """", ""latitude"": """", ""longitude"": """"}"
10988,"{""id"": ""63165ff5dc6539.75222826"", ""url"": """", ""notes"": ""\""Online platform\"": \""Zoom\"""", ""venue"": ""Virtual location"", ""address"": """", ""latitude"": """", ""longitude"": """"}"
10989,"{""id"": ""631778a7d07266.51690675"", ""url"": """", ""notes"": ""\""Online platform\"": \""Facebook\"""", ""venue"": ""Virtual location"", ""address"": """", ""latitude"": """", ""longitude"": """"}"
10995,"{""id"": ""6318de59cb6171.41348712"", ""url"": """", ""notes"": ""\""Online platform\"": \""Facebook\"""", ""venue"": ""Virtual location"", ""address"": """", ""latitude"": """", ""longitude"": """"}"
10996,"{""id"": ""6318dff1e26280.01885080"", ""url"": """", ""notes"": ""\""Online platform\"": \""Facebook\"""", ""venue"": ""Virtual location"", ""address"": """", ""latitude"": """", ""longitude"": """"}"
10997,"{""id"": ""6318e180417f80.97151121"", ""url"": """", ""notes"": ""\""Online platform\"": \""Facebook\"""", ""venue"": ""Virtual location"", ""address"": """", ""latitude"": """", ""longitude"": """"}"
10999,"{""id"": ""6318e2a490c896.67198320"", ""url"": """", ""notes"": ""\""Online platform\"": \""Facebook\"""", ""venue"": ""Virtual location"", ""address"": """", ""latitude"": """", ""longitude"": """"}"
11000,"{""id"": ""6318fb1624f130.27742299"", ""url"": """", ""notes"": ""\""Online platform\"": \""Facebook\"""", ""venue"": ""Virtual location"", ""address"": """", ""latitude"": """", ""longitude"": """"}"
11005,"{""id"": ""6318fc0eef1555.87274662"", ""url"": """", ""notes"": ""\""Online platform\"": \""Facebook\"""", ""venue"": ""Virtual location"", ""address"": """", ""latitude"": """", ""longitude"": """"}"
11006,"{""id"": ""6318fd8b9bd948.95953684"", ""url"": """", ""notes"": ""\""Online platform\"": \""Facebook\"""", ""venue"": ""Virtual location"", ""address"": """", ""latitude"": """", ""longitude"": """"}"
11008,"{""id"": ""6318ff3312b117.86320841"", ""url"": """", ""notes"": ""\""Online platform\"": \""Facebook\"""", ""venue"": ""Virtual location"", ""address"": """", ""latitude"": """", ""longitude"": """"}"
11009,"{""id"": ""631903925c4d60.36623245"", ""url"": """", ""notes"": ""\""Online platform\"": \""Facebook\"""", ""venue"": ""Virtual location"", ""address"": """", ""latitude"": """", ""longitude"": """"}"
11012,"{""id"": ""6319081c2ec1f6.08165891"", ""url"": """", ""notes"": ""\""Online platform\"": \""Facebook\"""", ""venue"": ""Virtual location"", ""address"": """", ""latitude"": """", ""longitude"": """"}"
11013,"{""id"": ""631909b1cf0888.39440976"", ""url"": """", ""notes"": ""\""Online platform\"": \""Facebook\"""", ""venue"": ""Virtual location"", ""address"": """", ""latitude"": """", ""longitude"": """"}"
11014,"{""id"": ""63190b1c9ee3f1.01940726"", ""url"": """", ""notes"": ""\""Online platform\"": \""Facebook\"""", ""venue"": ""Virtual location"", ""address"": """", ""latitude"": """", ""longitude"": """"}"
11015,"{""id"": ""6319106b055536.36580237"", ""url"": """", ""notes"": ""\""Online platform\"": \""Facebook\"""", ""venue"": ""Virtual location"", ""address"": """", ""latitude"": """", ""longitude"": """"}"
11017,"{""id"": ""631f7d89e6f4b7.15638231"", ""url"": """", ""notes"": ""\""Online platform\"": \""Facebook\"""", ""venue"": ""Virtual location"", ""address"": """", ""latitude"": """", ""longitude"": """"}"
11026,"{""id"": ""631f7ec4693ae3.64568581"", ""url"": """", ""notes"": ""\""Online platform\"": \""Facebook\"""", ""venue"": ""Virtual location"", ""address"": """", ""latitude"": """", ""longitude"": """"}"
11027,"{""id"": ""631f8bd857e044.16813705"", ""url"": """", ""notes"": ""\""Online platform\"": \""Zoom\"""", ""venue"": ""Virtual location"", ""address"": """", ""latitude"": """", ""longitude"": """"}"
11028,"{""id"": ""631f8ebaad4670.54997588"", ""url"": """", ""notes"": ""\""Online platform\"": \""Zoom\"""", ""venue"": ""Virtual location"", ""address"": """", ""latitude"": """", ""longitude"": """"}"
11029,"{""id"": ""631f9430f3f4a0.43329925"", ""url"": """", ""notes"": ""\""Online platform\"": \""Zoom\"""", ""venue"": ""Virtual location"", ""address"": """", ""latitude"": """", ""longitude"": """"}"
11030,"{""id"": ""631f953c9b62d0.13226264"", ""url"": """", ""notes"": ""\""Online platform\"": \""Zoom\"""", ""venue"": ""Virtual location"", ""address"": """", ""latitude"": """", ""longitude"": """"}"
11031,"{""id"": ""631f9662706f33.71510954"", ""url"": """", ""notes"": ""\""Online platform\"": \""Zoom\"""", ""venue"": ""Virtual location"", ""address"": """", ""latitude"": """", ""longitude"": """"}"
11032,"{""id"": ""631f978245b072.08464862"", ""url"": """", ""notes"": ""\""Online platform\"": \""Zoom\"""", ""venue"": ""Virtual location"", ""address"": """", ""latitude"": """", ""longitude"": """"}"
11033,"{""id"": ""631f997303f535.84011535"", ""url"": """", ""notes"": ""\""Online platform\"": \""Zoom\"""", ""venue"": ""Virtual location"", ""address"": """", ""latitude"": """", ""longitude"": """"}"
11034,"{""id"": ""631f9d25b0eda7.60608002"", ""url"": """", ""notes"": ""\""Online platform\"": \""Zoom\"""", ""venue"": ""Virtual location"", ""address"": """", ""latitude"": """", ""longitude"": """"}"
11036,"{""id"": ""631faade48cf92.68114265"", ""url"": """", ""notes"": ""\""Online platform\"": \""Zoom\"""", ""venue"": ""Virtual location"", ""address"": """", ""latitude"": """", ""longitude"": """"}"
11037,"{""id"": ""631fac3d395c30.33726378"", ""url"": """", ""notes"": ""\""Online platform\"": \""Zoom\"""", ""venue"": ""Virtual location"", ""address"": """", ""latitude"": """", ""longitude"": """"}"
11038,"{""id"": ""631fad918961a5.77243039"", ""url"": """", ""notes"": ""\""Online platform\"": \""Zoom\"""", ""venue"": ""Virtual location"", ""address"": """", ""latitude"": """", ""longitude"": """"}"
11039,"{""id"": ""631fb130539383.65367908"", ""url"": """", ""notes"": ""\""Online platform\"": \""Zoom\"""", ""venue"": ""Virtual location"", ""address"": """", ""latitude"": """", ""longitude"": """"}"
11040,"{""id"": ""631fb26ebdc1c3.52166020"", ""url"": """", ""notes"": ""\""Online platform\"": \""Zoom\"""", ""venue"": ""Virtual location"", ""address"": """", ""latitude"": """", ""longitude"": """"}"
11041,"{""id"": ""631fb3cd923729.43384858"", ""url"": """", ""notes"": ""\""Online platform\"": \""Zoom\"""", ""venue"": ""Virtual location"", ""address"": """", ""latitude"": """", ""longitude"": """"}"
11042,"{""id"": ""63223790b4c180.19173573"", ""url"": """", ""notes"": ""\""Online platform\"": \""Zoom\"""", ""venue"": ""Virtual location"", ""address"": """", ""latitude"": """", ""longitude"": """"}"
11052,"{""id"": ""63223c9ea8f5a3.29379457"", ""url"": """", ""notes"": ""\""Online platform\"": \""Zoom\"""", ""venue"": ""Virtual location"", ""address"": """", ""latitude"": """", ""longitude"": """"}"
11053,"{""id"": ""6322403ce36fb6.97244685"", ""url"": """", ""notes"": ""\""Online platform\"": \""Zoom\"""", ""venue"": ""Virtual location"", ""address"": """", ""latitude"": """", ""longitude"": """"}"
11054,"{""id"": ""632241e671b9d1.64629433"", ""url"": """", ""notes"": ""\""Online platform\"": \""Zoom\"""", ""venue"": ""Virtual location"", ""address"": """", ""latitude"": """", ""longitude"": """"}"
11055,"{""id"": ""63224339e5cb47.24760050"", ""url"": """", ""notes"": ""\""Online platform\"": \""Zoom\"""", ""venue"": ""Virtual location"", ""address"": """", ""latitude"": """", ""longitude"": """"}"
11056,"{""id"": ""63224455cf1276.28329929"", ""url"": """", ""notes"": ""\""Online platform\"": \""Zoom\"""", ""venue"": ""Virtual location"", ""address"": """", ""latitude"": """", ""longitude"": """"}"
11057,"{""id"": ""6322455c8b3c64.35959150"", ""url"": """", ""notes"": ""\""Online platform\"": \""Zoom\"""", ""venue"": ""Virtual location"", ""address"": """", ""latitude"": """", ""longitude"": """"}"
11058,"{""id"": ""6322468cd4dc15.77626672"", ""url"": """", ""notes"": ""\""Online platform\"": \""Zoom\"""", ""venue"": ""Virtual location"", ""address"": """", ""latitude"": """", ""longitude"": """"}"
11059,"{""id"": ""6322481daf15f7.55921858"", ""url"": """", ""notes"": ""\""Online platform\"": \""Zoom\"""", ""venue"": ""Virtual location"", ""address"": """", ""latitude"": """", ""longitude"": """"}"
11060,"{""id"": ""632249a78a3cb5.13170822"", ""url"": """", ""notes"": ""\""Online platform\"": \""Zoom\"""", ""venue"": ""Virtual location"", ""address"": """", ""latitude"": """", ""longitude"": """"}"
11061,"{""id"": ""6328b89050d287.55965329"", ""url"": """", ""notes"": ""\""Online platform\"": \""Zoom\"""", ""venue"": ""Virtual location"", ""address"": """", ""latitude"": """", ""longitude"": """"}"
11082,"{""id"": ""6328b9df5414d0.11942784"", ""url"": """", ""notes"": ""\""Online platform\"": \""Zoom\"""", ""venue"": ""Virtual location"", ""address"": """", ""latitude"": """", ""longitude"": """"}"
11084,"{""id"": ""6328c1f6e30d46.15085762"", ""url"": """", ""notes"": ""\""Online platform\"": \""Zoom\"""", ""venue"": ""Virtual location"", ""address"": """", ""latitude"": """", ""longitude"": """"}"
11085,"{""id"": ""6328c46d1a49c0.73601046"", ""url"": """", ""notes"": ""\""Online platform\"": \""Zoom\"""", ""venue"": ""Virtual location"", ""address"": """", ""latitude"": """", ""longitude"": """"}"
11090,"{""id"": ""6328dbe9201de3.32780671"", ""url"": """", ""notes"": ""\""Online platform\"": \""Zoom\"""", ""venue"": ""Virtual location"", ""address"": """", ""latitude"": """", ""longitude"": """"}"
11091,"{""id"": ""6328ddec8b6e82.14839685"", ""url"": """", ""notes"": ""\""Online platform\"": \""Zoom\"""", ""venue"": ""Virtual location"", ""address"": """", ""latitude"": """", ""longitude"": """"}"
11092,"{""id"": ""6328e034799c74.78724853"", ""url"": """", ""notes"": ""\""Online platform\"": \""Zoom\"""", ""venue"": ""Virtual location"", ""address"": """", ""latitude"": """", ""longitude"": """"}"
11093,"{""id"": ""6328e22662f1f1.18486943"", ""url"": """", ""notes"": ""\""Online platform\"": \""Zoom\"""", ""venue"": ""Virtual location"", ""address"": """", ""latitude"": """", ""longitude"": """"}"
11094,"{""id"": ""6328e461c901b4.31068946"", ""url"": """", ""notes"": ""\""Online platform\"": \""Zoom\"""", ""venue"": ""Virtual location"", ""address"": """", ""latitude"": """", ""longitude"": """"}"
11095,"{""id"": ""6328e6812310d2.63651930"", ""url"": """", ""notes"": ""\""Online platform\"": \""Zoom\"""", ""venue"": ""Virtual location"", ""address"": """", ""latitude"": """", ""longitude"": """"}"
11096,"{""id"": ""632b70e36e1696.85480528"", ""url"": """", ""notes"": ""\""Online platform\"": \""Zoom\"""", ""venue"": ""Virtual location"", ""address"": """", ""latitude"": """", ""longitude"": """"}"
11097,"{""id"": ""632b763938a103.59656820"", ""url"": """", ""notes"": ""\""Online platform\"": \""Zoom\"""", ""venue"": ""Virtual location"", ""address"": """", ""latitude"": """", ""longitude"": """"}"
11115,"{""id"": ""63321c2bd76fd2.88058089"", ""url"": """", ""notes"": ""\""Online platform\"": \""Zoom\"""", ""venue"": ""Virtual location"", ""address"": """", ""latitude"": """", ""longitude"": """"}"
11116,"{""id"": ""63321f025854c9.03277697"", ""url"": """", ""notes"": ""\""Online platform\"": \""Zoom\"""", ""venue"": ""Virtual location"", ""address"": """", ""latitude"": """", ""longitude"": """"}"
11117,"{""id"": ""633220e6ca1356.57864354"", ""url"": """", ""notes"": ""\""Online platform\"": \""Zoom\"""", ""venue"": ""Virtual location"", ""address"": """", ""latitude"": """", ""longitude"": """"}"
11118,"{""id"": ""6334ac5a6ac505.12292278"", ""url"": """", ""notes"": ""\""Online platform\"": \""Crowdcast\"""", ""venue"": ""Virtual location"", ""address"": """", ""latitude"": """", ""longitude"": """"}"
11121,"{""id"": ""6334b239545574.35186404"", ""url"": """", ""notes"": ""\""Online platform\"": \""Crowdcast\"""", ""venue"": ""Virtual location"", ""address"": """", ""latitude"": """", ""longitude"": """"}"
11122,"{""id"": ""6334ba49ceaec6.84656399"", ""url"": """", ""notes"": ""\""Online platform\"": \""Crowdcast\"""", ""venue"": ""Virtual location"", ""address"": """", ""latitude"": """", ""longitude"": """"}"
11123,"{""id"": ""6334bbc75e57d8.34144570"", ""url"": """", ""notes"": ""\""Online platform\"": \""Crowdcast\"""", ""venue"": ""Virtual location"", ""address"": """", ""latitude"": """", ""longitude"": """"}"
11124,"{""id"": ""6334c29e9c1d28.19242768"", ""url"": """", ""notes"": ""\""Online platform\"": \""Crowdcast\"""", ""venue"": ""Virtual location"", ""address"": """", ""latitude"": """", ""longitude"": """"}"
11125,"{""id"": ""6334c3a8b5e263.81659238"", ""url"": """", ""notes"": ""\""Online platform\"": \""Crowdcast\"""", ""venue"": ""Virtual location"", ""address"": """", ""latitude"": """", ""longitude"": """"}"
11126,"{""id"": ""633b2c613c1428.77403484"", ""url"": """", ""notes"": ""\""Online platform\"": \""Crowdcast\"""", ""venue"": ""Virtual location"", ""address"": """", ""latitude"": """", ""longitude"": """"}"
11154,"{""id"": ""633b328a37e9e3.75236006"", ""url"": """", ""notes"": ""\""Online platform\"": \""Crowdcast\"""", ""venue"": ""Virtual location"", ""address"": """", ""latitude"": """", ""longitude"": """"}"
11155,"{""id"": ""633b3b5261e5c5.02085101"", ""url"": """", ""notes"": ""\""Online platform\"": \""Crowdcast\"""", ""venue"": ""Virtual location"", ""address"": """", ""latitude"": """", ""longitude"": """"}"
11159,"{""id"": ""633b3cc98023f9.05053604"", ""url"": """", ""notes"": ""\""Online platform\"": \""Crowdcast\"""", ""venue"": ""Virtual location"", ""address"": """", ""latitude"": """", ""longitude"": """"}"
11161,"{""id"": ""633b3fe8aac429.64908550"", ""url"": """", ""notes"": ""\""Online platform\"": \""Crowdcast\"""", ""venue"": ""Virtual location"", ""address"": """", ""latitude"": """", ""longitude"": """"}"
11163,"{""id"": ""633b421a6de465.01033877"", ""url"": """", ""notes"": ""\""Online platform\"": \""Crowdcast\"""", ""venue"": ""Virtual location"", ""address"": """", ""latitude"": """", ""longitude"": """"}"
11165,"{""id"": ""633b4319c26885.08176850"", ""url"": """", ""notes"": ""\""Online platform\"": \""Crowdcast\"""", ""venue"": ""Virtual location"", ""address"": """", ""latitude"": """", ""longitude"": """"}"
11166,"{""id"": ""633b4665d0d208.84227366"", ""url"": """", ""notes"": ""\""Online platform\"": \""Crowdcast\"""", ""venue"": ""Virtual location"", ""address"": """", ""latitude"": """", ""longitude"": """"}"
11168,"{""id"": ""633b4865d4c430.68683739"", ""url"": """", ""notes"": ""\""Online platform\"": \""Crowdcast\"""", ""venue"": ""Virtual location"", ""address"": """", ""latitude"": """", ""longitude"": """"}"
11169,"{""id"": ""633b4c2ae72553.60704719"", ""url"": """", ""notes"": ""\""Online platform\"": \""Crowdcast\"""", ""venue"": ""Virtual location"", ""address"": """", ""latitude"": """", ""longitude"": """"}"
11174,"{""id"": ""633b5baa894dc5.54035871"", ""url"": """", ""notes"": ""\""Online platform\"": \""Zoom\"""", ""venue"": ""Virtual location"", ""address"": """", ""latitude"": """", ""longitude"": """"}"
11194,"{""id"": ""633df274160918.60045206"", ""url"": """", ""notes"": ""\""Online platform\"": \""Zoom\"""", ""venue"": ""Virtual location"", ""address"": """", ""latitude"": """", ""longitude"": """"}"
11195,"{""id"": ""63446f80aa5b35.96455898"", ""url"": """", ""notes"": ""\""Online platform\"": \""Zoom\"""", ""venue"": ""Virtual location"", ""address"": """", ""latitude"": """", ""longitude"": """"}"
11214,"{""id"": ""634471f561e450.29401545"", ""url"": """", ""notes"": ""\""Online platform\"": \""Zoom\"""", ""venue"": ""Virtual location"", ""address"": """", ""latitude"": """", ""longitude"": """"}"
11215,"{""id"": ""6344739a6f4d51.98262641"", ""url"": """", ""notes"": ""\""Online platform\"": \""Zoom\"""", ""venue"": ""Virtual location"", ""address"": """", ""latitude"": """", ""longitude"": """"}"
11216,"{""id"": ""634474e4eaaca8.31455585"", ""url"": """", ""notes"": ""\""Online platform\"": \""Zoom\"""", ""venue"": ""Virtual location"", ""address"": """", ""latitude"": """", ""longitude"": """"}"
11217,"{""id"": ""634476a8ac52c0.54399790"", ""url"": """", ""notes"": ""\""Online platform\"": \""Zoom\"""", ""venue"": ""Virtual location"", ""address"": """", ""latitude"": """", ""longitude"": """"}"
11218,"{""id"": ""63447a178de7e0.53531518"", ""url"": """", ""notes"": ""\""Online platform\"": \""Zoom\"""", ""venue"": ""Virtual location"", ""address"": """", ""latitude"": """", ""longitude"": """"}"
11219,"{""id"": ""634483d1b054d8.54136302"", ""url"": """", ""notes"": ""\""Online platform\"": \""Zoom\"""", ""venue"": ""Virtual location"", ""address"": """", ""latitude"": """", ""longitude"": """"}"
11220,"{""id"": ""634485cccbfca0.19889595"", ""url"": """", ""notes"": ""\""Online platform\"": \""Zoom\"""", ""venue"": ""Virtual location"", ""address"": """", ""latitude"": """", ""longitude"": """"}"
11221,"{""id"": ""6344871376c851.34903170"", ""url"": """", ""notes"": ""\""Online platform\"": \""Zoom\"""", ""venue"": ""Virtual location"", ""address"": """", ""latitude"": """", ""longitude"": """"}"
11223,"{""id"": ""63448846bf68d9.88284856"", ""url"": """", ""notes"": ""\""Online platform\"": \""Zoom\"""", ""venue"": ""Virtual location"", ""address"": """", ""latitude"": """", ""longitude"": """"}"
11224,"{""id"": ""63448bb2220932.29665500"", ""url"": """", ""notes"": ""\""Online platform\"": \""Zoom\"""", ""venue"": ""Virtual location"", ""address"": """", ""latitude"": """", ""longitude"": """"}"
11225,"{""id"": ""63448cf6d0f509.83792472"", ""url"": """", ""notes"": ""\""Online platform\"": \""Zoom\"""", ""venue"": ""Virtual location"", ""address"": """", ""latitude"": """", ""longitude"": """"}"
11226,"{""id"": ""63448e9bedb1f8.11892699"", ""url"": """", ""notes"": ""\""Online platform\"": \""Zoom\"""", ""venue"": ""Virtual location"", ""address"": """", ""latitude"": """", ""longitude"": """"}"
11227,"{""id"": ""63473392ce8fb3.84435966"", ""url"": """", ""notes"": ""\""Online platform\"": \""Zoom\"""", ""venue"": ""Virtual location"", ""address"": """", ""latitude"": """", ""longitude"": """"}"
11231,"{""id"": ""634737cb8859b1.48543465"", ""url"": """", ""notes"": ""\""Online platform\"": \""Zoom\"""", ""venue"": ""Virtual location"", ""address"": """", ""latitude"": """", ""longitude"": """"}"
11232,"{""id"": ""6347397d3a3bc1.69687435"", ""url"": """", ""notes"": ""\""Online platform\"": \""Zoom\"""", ""venue"": ""Virtual location"", ""address"": """", ""latitude"": """", ""longitude"": """"}"
11233,"{""id"": ""63504ca9795e49.50656495"", ""url"": """", ""notes"": ""\""Online platform\"": \""Zoom\"""", ""venue"": ""Virtual location"", ""address"": """", ""latitude"": """", ""longitude"": """"}"
11251,"{""id"": ""635052d1ed2a62.21295726"", ""url"": """", ""notes"": ""\""Online platform\"": \""Zoom\"""", ""venue"": ""Virtual location"", ""address"": """", ""latitude"": """", ""longitude"": """"}"
11252,"{""id"": ""6350559fb04383.22428663"", ""url"": """", ""notes"": ""\""Online platform\"": \""Zoom\"""", ""venue"": ""Virtual location"", ""address"": """", ""latitude"": """", ""longitude"": """"}"
11253,"{""id"": ""635059ec1b9084.06604253"", ""url"": """", ""notes"": ""\""Online platform\"": \""Zoom\"""", ""venue"": ""Virtual location"", ""address"": """", ""latitude"": """", ""longitude"": """"}"
11254,"{""id"": ""63505bc9d89df8.35342809"", ""url"": """", ""notes"": ""\""Online platform\"": \""Zoom\"""", ""venue"": ""Virtual location"", ""address"": """", ""latitude"": """", ""longitude"": """"}"
11255,"{""id"": ""63505e00c48ae0.40015196"", ""url"": """", ""notes"": ""\""Online platform\"": \""Zoom\"""", ""venue"": ""Virtual location"", ""address"": """", ""latitude"": """", ""longitude"": """"}"
11256,"{""id"": ""63506487e236f8.16652954"", ""url"": """", ""notes"": ""\""Online platform\"": \""Zoom\"""", ""venue"": ""Virtual location"", ""address"": """", ""latitude"": """", ""longitude"": """"}"
11257,"{""id"": ""63506a33e77760.11154461"", ""url"": """", ""notes"": ""\""Online platform\"": \""Zoom\"""", ""venue"": ""Virtual location"", ""address"": """", ""latitude"": """", ""longitude"": """"}"
11260,"{""id"": ""6350732553efb9.04120991"", ""url"": """", ""notes"": ""\""Online platform\"": \""Zoom\"""", ""venue"": ""Virtual location"", ""address"": """", ""latitude"": """", ""longitude"": """"}"
11261,"{""id"": ""6350747429ce18.82166560"", ""url"": """", ""notes"": ""\""Online platform\"": \""Zoom\"""", ""venue"": ""Virtual location"", ""address"": """", ""latitude"": """", ""longitude"": """"}"
11262,"{""id"": ""635075d957b914.48752655"", ""url"": """", ""notes"": ""\""Online platform\"": \""Zoom\"""", ""venue"": ""Virtual location"", ""address"": """", ""latitude"": """", ""longitude"": """"}"
11263,"{""id"": ""6356ebe25bfaa4.82876873"", ""url"": """", ""notes"": ""\""Online platform\"": \""Zoom\"""", ""venue"": ""Virtual location"", ""address"": """", ""latitude"": """", ""longitude"": """"}"
11281,"{""id"": ""6356ef8a5f56c6.97041539"", ""url"": """", ""notes"": ""\""Online platform\"": \""Zoom\"""", ""venue"": ""Virtual location"", ""address"": """", ""latitude"": """", ""longitude"": """"}"
11282,"{""id"": ""6356f1ce773428.61164361"", ""url"": """", ""notes"": ""\""Online platform\"": \""Zoom\"""", ""venue"": ""Virtual location"", ""address"": """", ""latitude"": """", ""longitude"": """"}"
11283,"{""id"": ""6356f3148d99e2.47416949"", ""url"": """", ""notes"": ""\""Online platform\"": \""Zoom\"""", ""venue"": ""Virtual location"", ""address"": """", ""latitude"": """", ""longitude"": """"}"
11284,"{""id"": ""6356f446bd4981.53904581"", ""url"": """", ""notes"": ""\""Online platform\"": \""Zoom\"""", ""venue"": ""Virtual location"", ""address"": """", ""latitude"": """", ""longitude"": """"}"
11285,"{""id"": ""6356fae83dfeb7.75763195"", ""url"": """", ""notes"": ""\""Online platform\"": \""Zoom\"""", ""venue"": ""Virtual location"", ""address"": """", ""latitude"": """", ""longitude"": """"}"
11286,"{""id"": ""6356fc44474377.77727976"", ""url"": """", ""notes"": ""\""Online platform\"": \""Zoom\"""", ""venue"": ""Virtual location"", ""address"": """", ""latitude"": """", ""longitude"": """"}"
11287,"{""id"": ""6356fdb0d0b579.98187082"", ""url"": """", ""notes"": ""\""Online platform\"": \""Zoom\"""", ""venue"": ""Virtual location"", ""address"": """", ""latitude"": """", ""longitude"": """"}"
11288,"{""id"": ""635702238a71e1.45841828"", ""url"": """", ""notes"": ""\""Online platform\"": \""Zoom\"""", ""venue"": ""Virtual location"", ""address"": """", ""latitude"": """", ""longitude"": """"}"
11289,"{""id"": ""635703d331a996.91483520"", ""url"": """", ""notes"": ""\""Online platform\"": \""Zoom\"""", ""venue"": ""Virtual location"", ""address"": """", ""latitude"": """", ""longitude"": """"}"
11290,"{""id"": ""63570617ef2853.61186968"", ""url"": """", ""notes"": ""\""Online platform\"": \""Zoom\"""", ""venue"": ""Virtual location"", ""address"": """", ""latitude"": """", ""longitude"": """"}"
11291,"{""id"": ""63570aac7e6119.37360388"", ""url"": """", ""notes"": ""\""Online platform\"": \""Zoom\"""", ""venue"": ""Virtual location"", ""address"": """", ""latitude"": """", ""longitude"": """"}"
11292,"{""id"": ""6359989b0ef2a7.85047480"", ""url"": """", ""notes"": ""\""Online platform\"": \""Zoom\"""", ""venue"": ""Virtual location"", ""address"": """", ""latitude"": """", ""longitude"": """"}"
11293,"{""id"": ""63599c6f652da4.88658146"", ""url"": """", ""notes"": ""\""Online platform\"": \""Zoom\"""", ""venue"": ""Virtual location"", ""address"": """", ""latitude"": """", ""longitude"": """"}"
11294,"{""id"": ""6359a018c7f8d1.36529780"", ""url"": """", ""notes"": ""\""Online platform\"": \""Zoom\"""", ""venue"": ""Virtual location"", ""address"": """", ""latitude"": """", ""longitude"": """"}"
11295,"{""id"": ""6359a65edfcfc1.41271449"", ""url"": """", ""notes"": ""\""Online platform\"": \""Zoom\"""", ""venue"": ""Virtual location"", ""address"": """", ""latitude"": """", ""longitude"": """"}"
11296,"{""id"": ""6359a7bcd1dc76.38196877"", ""url"": """", ""notes"": ""\""Online platform\"": \""Zoom\"""", ""venue"": ""Virtual location"", ""address"": """", ""latitude"": """", ""longitude"": """"}"
11297,"{""id"": ""6359b0601ef0c7.91030955"", ""url"": """", ""notes"": ""\""Online platform\"": \""Zoom\"""", ""venue"": ""Virtual location"", ""address"": """", ""latitude"": """", ""longitude"": """"}"
11298,"{""id"": ""6359b211c3f697.30094403"", ""url"": """", ""notes"": ""\""Online platform\"": \""Zoom\"""", ""venue"": ""Virtual location"", ""address"": """", ""latitude"": """", ""longitude"": """"}"
11299,"{""id"": ""6359b60b366160.92589825"", ""url"": """", ""notes"": ""\""Online platform\"": \""Zoom\"""", ""venue"": ""Virtual location"", ""address"": """", ""latitude"": """", ""longitude"": """"}"
11300,"{""id"": ""6359b70cb672c3.82972446"", ""url"": """", ""notes"": ""\""Online platform\"": \""Zoom\"""", ""venue"": ""Virtual location"", ""address"": """", ""latitude"": """", ""longitude"": """"}"
11301,"{""id"": ""6359ba8ad9a6c1.69607492"", ""url"": """", ""notes"": ""\""Online platform\"": \""Zoom\"""", ""venue"": ""Virtual location"", ""address"": """", ""latitude"": """", ""longitude"": """"}"
11302,"{""id"": ""6359bc4fc583f8.23559238"", ""url"": """", ""notes"": ""\""Online platform\"": \""Zoom\"""", ""venue"": ""Virtual location"", ""address"": """", ""latitude"": """", ""longitude"": """"}"
11303,"{""id"": ""636026130a8156.42958010"", ""url"": """", ""notes"": ""\""Online platform\"": \""Zoom\"""", ""venue"": ""Virtual location"", ""address"": """", ""latitude"": """", ""longitude"": """"}"
11329,"{""id"": ""636027c712d882.10974051"", ""url"": """", ""notes"": ""\""Online platform\"": \""Zoom\"""", ""venue"": ""Virtual location"", ""address"": """", ""latitude"": """", ""longitude"": """"}"
11330,"{""id"": ""63602caaa63c77.46539233"", ""url"": """", ""notes"": ""\""Online platform\"": \""Zoom\"""", ""venue"": ""Virtual location"", ""address"": """", ""latitude"": """", ""longitude"": """"}"
11331,"{""id"": ""636032b41d6201.89718450"", ""url"": """", ""notes"": ""\""Online platform\"": \""Zoom\"""", ""venue"": ""Virtual location"", ""address"": """", ""latitude"": """", ""longitude"": """"}"
11333,"{""id"": ""6360493c472911.98872162"", ""url"": """", ""notes"": ""\""Online platform\"": \""Zoom\"""", ""venue"": ""Virtual location"", ""address"": """", ""latitude"": """", ""longitude"": """"}"
11334,"{""id"": ""63604b1e68b895.66049392"", ""url"": """", ""notes"": ""\""Online platform\"": \""Zoom\"""", ""venue"": ""Virtual location"", ""address"": """", ""latitude"": """", ""longitude"": """"}"
11335,"{""id"": ""63604cb8588082.25909560"", ""url"": """", ""notes"": ""\""Online platform\"": \""Zoom\"""", ""venue"": ""Virtual location"", ""address"": """", ""latitude"": """", ""longitude"": """"}"
11336,"{""id"": ""636050df9600e0.23653808"", ""url"": """", ""notes"": ""\""Online platform\"": \""Zoom\"""", ""venue"": ""Virtual location"", ""address"": """", ""latitude"": """", ""longitude"": """"}"
11337,"{""id"": ""6360529c0a6369.64058402"", ""url"": """", ""notes"": ""\""Online platform\"": \""Zoom\"""", ""venue"": ""Virtual location"", ""address"": """", ""latitude"": """", ""longitude"": """"}"
11338,"{""id"": ""636054b8002c03.29927776"", ""url"": """", ""notes"": ""\""Online platform\"": \""Zoom\"""", ""venue"": ""Virtual location"", ""address"": """", ""latitude"": """", ""longitude"": """"}"
11339,"{""id"": ""63c5afa4561f38.06751730"", ""url"": """", ""notes"": ""\""Online platform\"": \""Zoom\"""", ""venue"": ""Virtual location"", ""address"": """", ""latitude"": """", ""longitude"": """"}"
11367,"{""id"": ""6372ad9b8e1b94.58958293"", ""url"": """", ""notes"": ""\""Online Platform\"": \""Zoom\"""", ""venue"": ""Virtual Location"", ""address"": """", ""latitude"": """", ""longitude"": """"}"
11368,"{""id"": ""6372aee3c43777.24490247"", ""url"": """", ""notes"": ""\""Online Platform\"": \""Zoom\"""", ""venue"": ""Virtual Location"", ""address"": """", ""latitude"": """", ""longitude"": """"}"
11369,"{""id"": ""6372b24bc9cc70.25993985"", ""url"": """", ""notes"": ""\""Online platform\"": \""Facebook\"""", ""venue"": ""Virtual location"", ""address"": """", ""latitude"": """", ""longitude"": """"}"
11370,"{""id"": ""6372af9a575093.44166464"", ""url"": """", ""notes"": ""\""Online Platform\"": \""Zoom\"""", ""venue"": ""Virtual Location"", ""address"": """", ""latitude"": """", ""longitude"": """"}"
11371,"{""id"": ""6372b0beab64a4.33199131"", ""url"": """", ""notes"": ""\""Online Platform\"": \""Zoom\"""", ""venue"": ""Virtual Location"", ""address"": """", ""latitude"": """", ""longitude"": """"}"
11372,"{""id"": ""6372b1fe02f182.68285239"", ""url"": """", ""notes"": ""\""Online Platform\"": \""Zoom\"""", ""venue"": ""Virtual Location"", ""address"": """", ""latitude"": """", ""longitude"": """"}"
11373,"{""id"": ""6372b2c8377704.20612327"", ""url"": """", ""notes"": ""\""Online Platform\"": \""Zoom\"""", ""venue"": ""Virtual Location"", ""address"": """", ""latitude"": """", ""longitude"": """"}"
11374,"{""id"": ""6372b80be72546.20994667"", ""url"": """", ""notes"": ""\""Online platform\"": \""Facebook\"""", ""venue"": ""Virtual location"", ""address"": """", ""latitude"": """", ""longitude"": """"}"
11375,"{""id"": ""6372b393a7d228.69183057"", ""url"": """", ""notes"": ""\""Online Platform\"": \""Zoom\"""", ""venue"": ""Virtual Location"", ""address"": """", ""latitude"": """", ""longitude"": """"}"
11376,"{""id"": ""6372b47db09781.68011734"", ""url"": """", ""notes"": ""\""Online Platform\"": \""Zoom\"""", ""venue"": ""Virtual Location"", ""address"": """", ""latitude"": """", ""longitude"": """"}"
11377,"{""id"": ""6372b614c60fe2.59184166"", ""url"": """", ""notes"": ""\""Online Platform\"": \""Zoom\"""", ""venue"": ""Virtual Location"", ""address"": """", ""latitude"": """", ""longitude"": """"}"
11378,"{""id"": ""6372b7155ae7d9.84863432"", ""url"": """", ""notes"": ""\""Online Platform\"": \""Zoom\"""", ""venue"": ""Virtual Location"", ""address"": """", ""latitude"": """", ""longitude"": """"}"
11379,"{""id"": ""6372c4bb698ba5.39241785"", ""url"": """", ""notes"": ""\""Online platform\"": \""Facebook\"""", ""venue"": ""Virtual location"", ""address"": """", ""latitude"": """", ""longitude"": """"}"
11380,"{""id"": ""6372c65a6a38d8.41873378"", ""url"": """", ""notes"": ""\""Online platform\"": \""Facebook\"""", ""venue"": ""Virtual location"", ""address"": """", ""latitude"": """", ""longitude"": """"}"
11381,"{""id"": ""6372c8be31eee3.20527524"", ""url"": """", ""notes"": ""\""Online platform\"": \""Facebook\"""", ""venue"": ""Virtual location"", ""address"": """", ""latitude"": """", ""longitude"": """"}"
11382,"{""id"": ""63754b77342925.50788613"", ""url"": """", ""notes"": ""\""Online platform\"": \""Facebook\"""", ""venue"": ""Virtual location"", ""address"": """", ""latitude"": """", ""longitude"": """"}"
11385,"{""id"": ""6375565ff1d1e0.15916925"", ""url"": """", ""notes"": ""\""Online platform\"": \""Zoom\"""", ""venue"": ""Virtual location"", ""address"": """", ""latitude"": """", ""longitude"": """"}"
11386,"{""id"": ""637558147a3465.01509423"", ""url"": """", ""notes"": ""\""Online platform\"": \""Facebook\"""", ""venue"": ""Virtual location"", ""address"": """", ""latitude"": """", ""longitude"": """"}"
11387,"{""id"": ""63755c265b0417.02982903"", ""url"": """", ""notes"": ""\""Online platform\"": \""Zoom\"""", ""venue"": ""Virtual location"", ""address"": """", ""latitude"": """", ""longitude"": """"}"
11393,"{""id"": ""6375651b9fbb31.10223030"", ""url"": """", ""notes"": ""\""Online platform\"": \""Zoom\"""", ""venue"": ""Virtual location"", ""address"": """", ""latitude"": """", ""longitude"": """"}"
11398,"{""id"": ""637566c39e0949.19525718"", ""url"": """", ""notes"": ""\""Online platform\"": \""YouTube\"""", ""venue"": ""Virtual location"", ""address"": """", ""latitude"": """", ""longitude"": """"}"
11400,"{""id"": ""6375686e5d3e73.58054033"", ""url"": """", ""notes"": ""\""Online platform\"": \""YouTube\"""", ""venue"": ""Virtual location"", ""address"": """", ""latitude"": """", ""longitude"": """"}"
11403,"{""id"": ""63756abd35b974.15603068"", ""url"": """", ""notes"": ""\""Online platform\"": \""YouTube\"""", ""venue"": ""Virtual location"", ""address"": """", ""latitude"": """", ""longitude"": """"}"
11406,"{""id"": ""63756c5ee12ef0.31822249"", ""url"": """", ""notes"": ""\""Online platform\"": \""YouTube\"""", ""venue"": ""Virtual location"", ""address"": """", ""latitude"": """", ""longitude"": """"}"
11429,"{""id"": ""63766963841680.75161477"", ""url"": """", ""notes"": ""\""Online Platform\"""", ""venue"": ""Virtual Location"", ""address"": """", ""latitude"": """", ""longitude"": """"}"
11430,"{""id"": ""63766a965530e8.66959731"", ""url"": """", ""notes"": ""\""Online platform\"": \""Zoom\"""", ""venue"": ""Virtual Location"", ""address"": """", ""latitude"": """", ""longitude"": """"}"
11456,"{""id"": ""637e7e97db1a34.91838343"", ""url"": """", ""notes"": ""\""Online platform\"": \""Zoom\"""", ""venue"": ""Virtual location"", ""address"": """", ""latitude"": """", ""longitude"": """"}"
11458,"{""id"": ""637e89e94d76c1.48021090"", ""url"": """", ""notes"": ""\""Online platform\"": \""Zoom\"""", ""venue"": ""Virtual location"", ""address"": """", ""latitude"": """", ""longitude"": """"}"
11459,"{""id"": ""637e9194291c80.09538808"", ""url"": """", ""notes"": ""\""Online platform\"": \""Zoom\"""", ""venue"": ""Virtual location"", ""address"": """", ""latitude"": """", ""longitude"": """"}"
11460,"{""id"": ""637ea039302a89.10227533"", ""url"": """", ""notes"": ""\""Online platform\"": \""Zoom\"""", ""venue"": ""Virtual location"", ""address"": """", ""latitude"": """", ""longitude"": """"}"
11461,"{""id"": ""637ea1fa1e4be0.38705478"", ""url"": """", ""notes"": ""\""Online platform\"": \""Zoom\"""", ""venue"": ""Virtual location"", ""address"": """", ""latitude"": """", ""longitude"": """"}"
11462,"{""id"": ""637ea360269810.31897467"", ""url"": """", ""notes"": ""\""Online platform\"": \""Zoom\"""", ""venue"": ""Virtual location"", ""address"": """", ""latitude"": """", ""longitude"": """"}"
11463,"{""id"": ""637ea503e93b92.65531067"", ""url"": """", ""notes"": ""\""Online platform\"": \""Zoom\"""", ""venue"": ""Virtual location"", ""address"": """", ""latitude"": """", ""longitude"": """"}"
11464,"{""id"": ""637ea66006b8f0.88407968"", ""url"": """", ""notes"": ""\""Online platform\"": \""Zoom\"""", ""venue"": ""Virtual location"", ""address"": """", ""latitude"": """", ""longitude"": """"}"
11465,"{""id"": ""637ea7ec4d6cb0.13087818"", ""url"": """", ""notes"": ""\""Online platform\"": \""Zoom\"""", ""venue"": ""Virtual location"", ""address"": """", ""latitude"": """", ""longitude"": """"}"
11466,"{""id"": ""63a0d6e4211393.24982735"", ""url"": """", ""notes"": ""\""Online platform\"": \""Zoom\"""", ""venue"": ""Virtual location"", ""address"": """", ""latitude"": """", ""longitude"": """"}"
11555,"{""id"": ""63a0ed446a25c3.61099250"", ""url"": """", ""notes"": ""\""Online platform\"": \""Zoom\"""", ""venue"": ""Virtual location"", ""address"": """", ""latitude"": """", ""longitude"": """"}"
11556,"{""id"": ""63a245029844f9.03266199"", ""url"": """", ""notes"": ""\""Online platform\"": \""Zoom\"""", ""venue"": ""Virtual location"", ""address"": """", ""latitude"": """", ""longitude"": """"}"
11559,"{""id"": ""63a24817a16fe8.54308382"", ""url"": """", ""notes"": ""\""Online platform\"": \""Zoom\"""", ""venue"": ""Virtual location"", ""address"": """", ""latitude"": """", ""longitude"": """"}"
11560,"{""id"": ""63a249a3d45df6.65276963"", ""url"": """", ""notes"": ""\""Online platform\"": \""Zoom\"""", ""venue"": ""Virtual location"", ""address"": """", ""latitude"": """", ""longitude"": """"}"
11561,"{""id"": ""63a24b3e5d0b69.14012270"", ""url"": """", ""notes"": ""\""Online platform\"": \""Zoom\"""", ""venue"": ""Virtual location"", ""address"": """", ""latitude"": """", ""longitude"": """"}"
11562,"{""id"": ""63a3879b27a129.98456152"", ""url"": """", ""notes"": ""\""Online platform\"": \""Zoom\"""", ""venue"": ""Virtual location"", ""address"": """", ""latitude"": """", ""longitude"": """"}"
11563,"{""id"": ""63a38e0c049b11.81237508"", ""url"": """", ""notes"": ""\""Online platform\"": \""Zoom\"""", ""venue"": ""Virtual location"", ""address"": """", ""latitude"": """", ""longitude"": """"}"
11564,"{""id"": ""63a38fb1324c17.17131325"", ""url"": """", ""notes"": ""\""Online platform\"": \""Zoom\"""", ""venue"": ""Virtual location"", ""address"": """", ""latitude"": """", ""longitude"": """"}"
11565,"{""id"": ""63a39148c04866.42360220"", ""url"": """", ""notes"": ""\""Online platform\"": \""Zoom\"""", ""venue"": ""Virtual location"", ""address"": """", ""latitude"": """", ""longitude"": """"}"
11566,"{""id"": ""63a392ee4c6095.65961589"", ""url"": """", ""notes"": ""\""Online platform\"": \""Zoom\"""", ""venue"": ""Virtual location"", ""address"": """", ""latitude"": """", ""longitude"": """"}"
11567,"{""id"": ""63bf1b37c97d47.73849045"", ""url"": """", ""notes"": ""\""Online platform\"": \""Zoom\"""", ""venue"": ""Virtual location"", ""address"": """", ""latitude"": """", ""longitude"": """"}"
11605,"{""id"": ""63a63fe5a5d8f3.73085992"", ""url"": """", ""notes"": ""\""Digital Platform\"": \""Zoom\"""", ""venue"": ""Online Event"", ""address"": """", ""latitude"": """", ""longitude"": """"}"
11648,"{""id"": ""63bf22181a3461.78706609"", ""url"": """", ""notes"": ""\""Online platform\"": \""Zoom\"""", ""venue"": ""Virtual location"", ""address"": """", ""latitude"": """", ""longitude"": """"}"
11649,"{""id"": ""63bf2c88181ce9.51542400"", ""url"": """", ""notes"": ""\""Online platform\"": \""Zoom\"""", ""venue"": ""Virtual location"", ""address"": """", ""latitude"": """", ""longitude"": """"}"
11652,"{""id"": ""63bf2e874129a3.89376882"", ""url"": """", ""notes"": ""\""Online platform\"": \""Zoom\"""", ""venue"": ""Virtual location"", ""address"": """", ""latitude"": """", ""longitude"": """"}"
11654,"{""id"": ""63bf3049c29d41.77148396"", ""url"": """", ""notes"": ""\""Online platform\"": \""Zoom\"""", ""venue"": ""Virtual location"", ""address"": """", ""latitude"": """", ""longitude"": """"}"
11656,"{""id"": ""63bf31cba6b0b5.47326475"", ""url"": """", ""notes"": ""\""Online platform\"": \""Zoom\"""", ""venue"": ""Virtual location"", ""address"": """", ""latitude"": """", ""longitude"": """"}"
11658,"{""id"": ""63bf3345685d33.24083682"", ""url"": """", ""notes"": ""\""Online platform\"": \""Zoom\"""", ""venue"": ""Virtual location"", ""address"": """", ""latitude"": """", ""longitude"": """"}"
11659,"{""id"": ""63bf347ddafcb9.51842866"", ""url"": """", ""notes"": ""\""Online platform\"": \""Zoom\"""", ""venue"": ""Virtual location"", ""address"": """", ""latitude"": """", ""longitude"": """"}"
11660,"{""id"": ""63bf35427ae3a4.81188834"", ""url"": """", ""notes"": ""\""Online platform\"": \""Zoom\"""", ""venue"": ""Virtual location"", ""address"": """", ""latitude"": """", ""longitude"": """"}"
11662,"{""id"": ""63bf35db43b099.99662146"", ""url"": """", ""notes"": ""\""Online platform\"": \""Zoom\"""", ""venue"": ""Virtual location"", ""address"": """", ""latitude"": """", ""longitude"": """"}"
11663,"{""id"": ""63bf37082196c2.40016909"", ""url"": """", ""notes"": ""\""Online platform\"": \""Zoom\"""", ""venue"": ""Virtual location"", ""address"": """", ""latitude"": """", ""longitude"": """"}"
11665,"{""id"": ""63bf38e9d2eae7.41320180"", ""url"": """", ""notes"": ""\""Online platform\"": \""Zoom\"""", ""venue"": ""Virtual location"", ""address"": """", ""latitude"": """", ""longitude"": """"}"
11667,"{""id"": ""63bf3a2388fd85.78820157"", ""url"": """", ""notes"": ""\""Online platform\"": \""Zoom\"""", ""venue"": ""Virtual location"", ""address"": """", ""latitude"": """", ""longitude"": """"}"
11668,"{""id"": ""63bf3b5232ffd3.93828351"", ""url"": """", ""notes"": ""\""Online platform\"": \""Zoom\"""", ""venue"": ""Virtual location"", ""address"": """", ""latitude"": """", ""longitude"": """"}"
11682,"{""id"": ""63c5b847cf33c8.22724693"", ""url"": """", ""notes"": ""\""Online platform\"": \""Zoom\"""", ""venue"": ""Virtual location"", ""address"": """", ""latitude"": """", ""longitude"": """"}"
11684,"{""id"": ""63c5baba1a9f02.30020176"", ""url"": """", ""notes"": ""\""Online platform\"": \""Zoom\"""", ""venue"": ""Virtual location"", ""address"": """", ""latitude"": """", ""longitude"": """"}"
11685,"{""id"": ""63c5bcedcda136.24052992"", ""url"": """", ""notes"": ""\""Online platform\"": \""Zoom\"""", ""venue"": ""Virtual location"", ""address"": """", ""latitude"": """", ""longitude"": """"}"
11686,"{""id"": ""63c5beeee4fe65.56343620"", ""url"": """", ""notes"": ""\""Online platform\"": \""Zoom\"""", ""venue"": ""Virtual location"", ""address"": """", ""latitude"": """", ""longitude"": """"}"
11687,"{""id"": ""63c5c5b7736d57.73502739"", ""url"": """", ""notes"": ""\""Online platform\"": \""Zoom\"""", ""venue"": ""Virtual location"", ""address"": """", ""latitude"": """", ""longitude"": """"}"
11688,"{""id"": ""63c5c94f41a7e7.24246095"", ""url"": """", ""notes"": ""\""Online platform\"": \""Zoom\"""", ""venue"": ""Virtual location"", ""address"": """", ""latitude"": """", ""longitude"": """"}"
11689,"{""id"": ""63c5cc283e4a95.03446099"", ""url"": """", ""notes"": ""\""Online platform\"": \""Zoom\"""", ""venue"": ""Virtual location"", ""address"": """", ""latitude"": """", ""longitude"": """"}"
11690,"{""id"": ""63c5cdd0446ac0.36327649"", ""url"": """", ""notes"": ""\""Online platform\"": \""Zoom\"""", ""venue"": ""Virtual location"", ""address"": """", ""latitude"": """", ""longitude"": """"}"
11691,"{""id"": ""63c5cf6ac51085.50345732"", ""url"": """", ""notes"": ""\""Online platform\"": \""Zoom\"""", ""venue"": ""Virtual location"", ""address"": """", ""latitude"": """", ""longitude"": """"}"
11692,"{""id"": ""63c83a613b0188.03597559"", ""url"": """", ""notes"": ""\""Online platform\"": \""Zoom\"""", ""venue"": ""Virtual location"", ""address"": """", ""latitude"": """", ""longitude"": """"}"
11714,"{""id"": ""63c83be39c9d21.55430427"", ""url"": """", ""notes"": ""\""Online platform\"": \""Zoom\"""", ""venue"": ""Virtual location"", ""address"": """", ""latitude"": """", ""longitude"": """"}"
11715,"{""id"": ""63c83de414f339.85629388"", ""url"": """", ""notes"": ""\""Online platform\"": \""Zoom\"""", ""venue"": ""Virtual location"", ""address"": """", ""latitude"": """", ""longitude"": """"}"
11716,"{""id"": ""63c83f906b5215.20152342"", ""url"": """", ""notes"": ""\""Online platform\"": \""Zoom\"""", ""venue"": ""Virtual location"", ""address"": """", ""latitude"": """", ""longitude"": """"}"
11717,"{""id"": ""63c84578e034d0.05207235"", ""url"": """", ""notes"": ""\""Online platform\"": \""Zoom\"""", ""venue"": ""Virtual location"", ""address"": """", ""latitude"": """", ""longitude"": """"}"
11718,"{""id"": ""63d1700c383335.40309123"", ""url"": """", ""notes"": ""\""Online platform\"": \""Zoom\"""", ""venue"": ""Virtual location"", ""address"": """", ""latitude"": """", ""longitude"": """"}"
11791,"{""id"": ""63d171c7308de6.60547057"", ""url"": """", ""notes"": ""\""Online platform\"": \""Zoom\"""", ""venue"": ""Virtual location"", ""address"": """", ""latitude"": """", ""longitude"": """"}"
11792,"{""id"": ""63d1749968fb48.84385615"", ""url"": """", ""notes"": ""\""Online platform\"": \""Zoom\"""", ""venue"": ""Virtual location"", ""address"": """", ""latitude"": """", ""longitude"": """"}"
11793,"{""id"": ""63d176d7454f13.26937464"", ""url"": """", ""notes"": ""\""Online platform\"": \""Zoom\"""", ""venue"": ""Virtual location"", ""address"": """", ""latitude"": """", ""longitude"": """"}"
11794,"{""id"": ""63dac5842101f9.92550576"", ""url"": """", ""notes"": ""\""Online platform\"": \""Zoom\"""", ""venue"": ""Virtual location"", ""address"": """", ""latitude"": """", ""longitude"": """"}"
11842,"{""id"": ""63daca942f34a3.21362622"", ""url"": """", ""notes"": ""\""Online platform\"": \""Zoom\"""", ""venue"": ""Virtual location"", ""address"": """", ""latitude"": """", ""longitude"": """"}"
11843,"{""id"": ""63dacc58d4f353.42978427"", ""url"": """", ""notes"": ""\""Online platform\"": \""Zoom\"""", ""venue"": ""Virtual location"", ""address"": """", ""latitude"": """", ""longitude"": """"}"
11844,"{""id"": ""63dacf6ba260d1.89757330"", ""url"": """", ""notes"": ""\""Online platform\"": \""Zoom\"""", ""venue"": ""Virtual location"", ""address"": """", ""latitude"": """", ""longitude"": """"}"
11845,"{""id"": ""63dad0b3549175.40538409"", ""url"": """", ""notes"": ""\""Online platform\"": \""Zoom\"""", ""venue"": ""Virtual location"", ""address"": """", ""latitude"": """", ""longitude"": """"}"
11846,"{""id"": ""63db1c55d3cec3.77113127"", ""url"": """", ""notes"": ""\""Online platform\"": \""Zoom\"""", ""venue"": ""Virtual location"", ""address"": """", ""latitude"": """", ""longitude"": """"}"
11847,"{""id"": ""63db22be5c07c3.10051898"", ""url"": """", ""notes"": ""\""Online platform\"": \""Zoom\"""", ""venue"": ""Virtual location"", ""address"": """", ""latitude"": """", ""longitude"": """"}"
11848,"{""id"": ""63db25be0eeb30.84238740"", ""url"": """", ""notes"": ""\""Online platform\"": \""Zoom\"""", ""venue"": ""Virtual location"", ""address"": """", ""latitude"": """", ""longitude"": """"}"
11849,"{""id"": ""63db2607d5b6b0.78821078"", ""url"": """", ""notes"": ""\""Online platform\"": \""Zoom\"""", ""venue"": ""Virtual location"", ""address"": """", ""latitude"": """", ""longitude"": """"}"
11854,"{""id"": ""63e17c032e0506.47897162"", ""url"": """", ""notes"": ""\""Online platform\"": \""Zoom\"""", ""venue"": ""Virtual location"", ""address"": """", ""latitude"": """", ""longitude"": """"}"
11855,"{""id"": ""63e17ddb6fdac5.93290358"", ""url"": """", ""notes"": ""\""Online platform\"": \""Zoom\"""", ""venue"": ""Virtual location"", ""address"": """", ""latitude"": """", ""longitude"": """"}"
11856,"{""id"": ""63e1845acd0997.79410733"", ""url"": """", ""notes"": ""\""Online platform\"": \""Zoom\"""", ""venue"": ""Virtual location"", ""address"": """", ""latitude"": """", ""longitude"": """"}"
11857,"{""id"": ""63e185e4e0be16.96855210"", ""url"": """", ""notes"": ""\""Online platform\"": \""Zoom\"""", ""venue"": ""Virtual location"", ""address"": """", ""latitude"": """", ""longitude"": """"}"
11858,"{""id"": ""63e18dbf7e3074.11425018"", ""url"": """", ""notes"": ""\""Online platform\"": \""Zoom\"""", ""venue"": ""Virtual location"", ""address"": """", ""latitude"": """", ""longitude"": """"}"
11859,"{""id"": ""63e18ec5bd00f3.80294967"", ""url"": """", ""notes"": ""\""Online platform\"": \""Zoom\"""", ""venue"": ""Virtual location"", ""address"": """", ""latitude"": """", ""longitude"": """"}"
11860,"{""id"": ""63e1901d6eedc1.87731739"", ""url"": """", ""notes"": ""\""Online platform\"": \""Zoom\"""", ""venue"": ""Virtual location"", ""address"": """", ""latitude"": """", ""longitude"": """"}"
11861,"{""id"": ""63e19113f3f362.51379402"", ""url"": """", ""notes"": ""\""Online platform\"": \""Zoom\"""", ""venue"": ""Virtual location"", ""address"": """", ""latitude"": """", ""longitude"": """"}"
11862,"{""id"": ""63e191ee40f245.18019312"", ""url"": """", ""notes"": ""\""Online platform\"": \""Zoom\"""", ""venue"": ""Virtual location"", ""address"": """", ""latitude"": """", ""longitude"": """"}"
11863,"{""id"": ""63e1935940d2c3.27998058"", ""url"": """", ""notes"": ""\""Online platform\"": \""Zoom\"""", ""venue"": ""Virtual location"", ""address"": """", ""latitude"": """", ""longitude"": """"}"
11864,"{""id"": ""63e19427ef2601.72951278"", ""url"": """", ""notes"": ""\""Online platform\"": \""Zoom\"""", ""venue"": ""Virtual location"", ""address"": """", ""latitude"": """", ""longitude"": """"}"
11865,"{""id"": ""63e1955e389b77.86916019"", ""url"": """", ""notes"": ""\""Online platform\"": \""Zoom\"""", ""venue"": ""Virtual location"", ""address"": """", ""latitude"": """", ""longitude"": """"}"
11866,"{""id"": ""63e3f1cf101c33.70160546"", ""url"": """", ""notes"": ""\""Online platform\"": \""Zoom\"""", ""venue"": ""Virtual location"", ""address"": """", ""latitude"": """", ""longitude"": """"}"
11877,"{""id"": ""63e4021e003320.06570378"", ""url"": """", ""notes"": ""\""Online platform\"": \""Zoom\"""", ""venue"": ""Virtual location"", ""address"": """", ""latitude"": """", ""longitude"": """"}"
11879,"{""id"": ""63eab8f18f0c81.11959137"", ""url"": """", ""notes"": ""\""Online platform\"": \""Zoom\"""", ""venue"": ""Virtual location"", ""address"": """", ""latitude"": """", ""longitude"": """"}"
11925,"{""id"": ""63eaba441cc7c2.60813355"", ""url"": """", ""notes"": ""\""Online platform\"": \""Zoom\"""", ""venue"": ""Virtual location"", ""address"": """", ""latitude"": """", ""longitude"": """"}"
11927,"{""id"": ""63eabb6ad18ba0.41606245"", ""url"": """", ""notes"": ""\""Online platform\"": \""Zoom\"""", ""venue"": ""Virtual location"", ""address"": """", ""latitude"": """", ""longitude"": """"}"
11928,"{""id"": ""63eabcbe6e3577.79307685"", ""url"": """", ""notes"": ""\""Online platform\"": \""Zoom\"""", ""venue"": ""Virtual location"", ""address"": """", ""latitude"": """", ""longitude"": """"}"
11929,"{""id"": ""63eabdc51528a8.61381621"", ""url"": """", ""notes"": ""\""Online platform\"": \""Zoom\"""", ""venue"": ""Virtual location"", ""address"": """", ""latitude"": """", ""longitude"": """"}"
11930,"{""id"": ""63eabf59d7b306.17492859"", ""url"": """", ""notes"": ""\""Online platform\"": \""Zoom\"""", ""venue"": ""Virtual location"", ""address"": """", ""latitude"": """", ""longitude"": """"}"
11943,"{""id"": ""63f3f0d4497ca9.64260603"", ""url"": """", ""notes"": ""\""Online platform\"": \""Zoom\"""", ""venue"": ""Virtual location"", ""address"": """", ""latitude"": """", ""longitude"": """"}"
11944,"{""id"": ""63f3f27eca0724.45905208"", ""url"": """", ""notes"": ""\""Online platform\"": \""Zoom\"""", ""venue"": ""Virtual location"", ""address"": """", ""latitude"": """", ""longitude"": """"}"
11945,"{""id"": ""63f3f4cd9028c3.00903642"", ""url"": """", ""notes"": ""\""Online platform\"": \""Zoom\"""", ""venue"": ""Virtual location"", ""address"": """", ""latitude"": """", ""longitude"": """"}"
11946,"{""id"": ""63f3f7112e1699.04188777"", ""url"": """", ""notes"": ""\""Online platform\"": \""Zoom\"""", ""venue"": ""Virtual location"", ""address"": """", ""latitude"": """", ""longitude"": """"}"
11947,"{""id"": ""63f3f8701029d4.56101469"", ""url"": """", ""notes"": ""\""Online platform\"": \""Zoom\"""", ""venue"": ""Virtual location"", ""address"": """", ""latitude"": """", ""longitude"": """"}"
11948,"{""id"": ""63f3f975d8dc44.25264784"", ""url"": """", ""notes"": ""\""Online platform\"": \""Zoom\"""", ""venue"": ""Virtual location"", ""address"": """", ""latitude"": """", ""longitude"": """"}"
11949,"{""id"": ""63f3fb7609ecd5.51988474"", ""url"": """", ""notes"": ""\""Online platform\"": \""Zoom\"""", ""venue"": ""Virtual location"", ""address"": """", ""latitude"": """", ""longitude"": """"}"
11950,"{""id"": ""63f669290e6459.67408933"", ""url"": """", ""notes"": ""\""Online platform\"": \""Zoom\"""", ""venue"": ""Virtual location"", ""address"": """", ""latitude"": """", ""longitude"": """"}"
11968,"{""id"": ""63f66f40c40456.40531495"", ""url"": """", ""notes"": ""\""Online platform\"": \""Zoom\"""", ""venue"": ""Virtual location"", ""address"": """", ""latitude"": """", ""longitude"": """"}"
11969,"{""id"": ""63f672c34531a9.69590317"", ""url"": """", ""notes"": ""\""Online platform\"": \""Zoom\"""", ""venue"": ""Virtual location"", ""address"": """", ""latitude"": """", ""longitude"": """"}"
11970,"{""id"": ""63f6757d96c921.51912475"", ""url"": """", ""notes"": ""\""Online platform\"": \""Zoom\"""", ""venue"": ""Virtual location"", ""address"": """", ""latitude"": """", ""longitude"": """"}"
11971,"{""id"": ""63f678f4bedfd0.07663569"", ""url"": """", ""notes"": ""\""Online platform\"": \""Zoom\"""", ""venue"": ""Virtual location"", ""address"": """", ""latitude"": """", ""longitude"": """"}"
11972,"{""id"": ""63f67ace8cba30.26851101"", ""url"": """", ""notes"": ""\""Online platform\"": \""Zoom\"""", ""venue"": ""Virtual location"", ""address"": """", ""latitude"": """", ""longitude"": """"}"
11973,"{""id"": ""63f67cc5c49669.96370993"", ""url"": """", ""notes"": ""\""Online platform\"": \""Zoom\"""", ""venue"": ""Virtual location"", ""address"": """", ""latitude"": """", ""longitude"": """"}"
11974,"{""id"": ""63f67d986e5814.62794595"", ""url"": """", ""notes"": ""\""Online platform\"": \""Zoom\"""", ""venue"": ""Virtual location"", ""address"": """", ""latitude"": """", ""longitude"": """"}"
11975,"{""id"": ""64065a788d9c02.69178468"", ""url"": """", ""notes"": ""\""Online platform\"": \""Vimeo\"""", ""venue"": ""Virtual location"", ""address"": """", ""latitude"": """", ""longitude"": """"}"
12022,"{""id"": ""64065e812342f9.72672355"", ""url"": """", ""notes"": ""\""Online platform\"": \""Vimeo\"""", ""venue"": ""Virtual location"", ""address"": """", ""latitude"": """", ""longitude"": """"}"
12023,"{""id"": ""64065fc795f6e8.15106706"", ""url"": """", ""notes"": ""\""Online platform\"": \""Vimeo\"""", ""venue"": ""Virtual location"", ""address"": """", ""latitude"": """", ""longitude"": """"}"
12024,"{""id"": ""6406625f8cf9c4.72291811"", ""url"": """", ""notes"": ""\""Online platform\"": \""Facebook\"""", ""venue"": ""Virtual location"", ""address"": """", ""latitude"": """", ""longitude"": """"}"
12025,"{""id"": ""6406647e6a0386.87228850"", ""url"": """", ""notes"": ""\""Online platform\"": \""Facebook\"""", ""venue"": ""Virtual location"", ""address"": """", ""latitude"": """", ""longitude"": """"}"
12026,"{""id"": ""64066a1e1e55b2.50509853"", ""url"": """", ""notes"": ""\""Online platform\"": \""Facebook\"""", ""venue"": ""Virtual location"", ""address"": """", ""latitude"": """", ""longitude"": """"}"
12027,"{""id"": ""64066d9b3865a5.41276409"", ""url"": """", ""notes"": ""\""Online platform\"": \""Facebook\"""", ""venue"": ""Virtual location"", ""address"": """", ""latitude"": """", ""longitude"": """"}"
12028,"{""id"": ""64066fcdbccc48.57768191"", ""url"": """", ""notes"": ""\""Online platform\"": \""Facebook\"""", ""venue"": ""Virtual location"", ""address"": """", ""latitude"": """", ""longitude"": """"}"
12029,"{""id"": ""64c16351b85e95.23035336"", ""url"": """", ""notes"": ""\""Online platform\"": \""Facebook\"""", ""venue"": ""Virtual location"", ""address"": """", ""latitude"": """", ""longitude"": """"}"
12344,"{""id"": ""64b83bdd677193.19682534"", ""url"": """", ""notes"": ""\""Online platform\"": \""Facebook Live\"""", ""venue"": ""Virtual location"", ""address"": """", ""latitude"": """", ""longitude"": """"}"
12345,"{""id"": ""64b83f1476cbe6.94502002"", ""url"": """", ""notes"": ""\""Online platform\"": \""Facebook Live\"""", ""venue"": ""Virtual location"", ""address"": """", ""latitude"": """", ""longitude"": """"}"
12346,"{""id"": ""64b8523c1dccb2.30050086"", ""url"": """", ""notes"": ""\""Online platform\"": \""Facebook Live\"""", ""venue"": ""Virtual location"", ""address"": """", ""latitude"": """", ""longitude"": """"}"
12347,"{""id"": ""64b8544c359fc4.40238922"", ""url"": """", ""notes"": ""\""Online platform\"": \""Facebook Live\"""", ""venue"": ""Virtual location"", ""address"": """", ""latitude"": """", ""longitude"": """"}"
12371,"{""id"": ""64c12b1dc3af05.61405830"", ""url"": ""https://www.openstreetmap.org/#map=19/50.96360/-114.08655"", ""notes"": ""\""Online platform: Zoom\"""", ""venue"": ""Zoom"", ""address"": """", ""latitude"": "" 50.9636001"", ""longitude"": ""-114.0862164"", ""city"": ""Calgary""}"
12383,"{""id"": ""64c1764fdcff32.51883515"", ""url"": """", ""notes"": ""\""Online platform\"": \""Facebook\"""", ""venue"": ""Virtual location"", ""address"": """", ""latitude"": """", ""longitude"": """"}"
12388,"{""id"": ""64c17adb652537.13024472"", ""url"": """", ""notes"": ""\""Online platform\"": \""Facebook\"""", ""venue"": ""Virtual location"", ""address"": """", ""latitude"": """", ""longitude"": """"}"
12391,"{""id"": ""64c17eda0fda60.16254871"", ""url"": """", ""notes"": ""\""Online platform\"": \""Facebook\"""", ""venue"": ""Virtual location"", ""address"": """", ""latitude"": """", ""longitude"": """"}"
12393,"{""id"": ""64c18305b7f9b1.88099227"", ""url"": """", ""notes"": ""\""Online platform\"": \""Facebook\"""", ""venue"": ""Virtual location"", ""address"": """", ""latitude"": """", ""longitude"": """"}"
12395,"{""id"": ""64c186a4859285.75871065"", ""url"": """", ""notes"": ""\""Online platform\"": \""Facebook\"""", ""venue"": ""Virtual location"", ""address"": """", ""latitude"": """", ""longitude"": """"}"
12397,"{""id"": ""64c18928c5e285.12197498"", ""url"": """", ""notes"": ""\""Online platform\"": \""Facebook\"""", ""venue"": ""Virtual location"", ""address"": """", ""latitude"": """", ""longitude"": """"}"
12581,"{""id"": ""64c12b1dc3af05.61405830"", ""url"": ""https://www.openstreetmap.org/#map=19/50.96360/-114.08655"", ""notes"": ""\""Online platform: Zoom\"""", ""venue"": ""Zoom"", ""address"": """", ""latitude"": "" 50.9636001"", ""longitude"": ""-114.0862164"", ""city"": ""Calgary""}"
12715,"{""id"": ""64dd01f34f3636.18377077"", ""url"": """", ""notes"": ""\""Online platform\"": \""Facebook\"""", ""venue"": ""Virtual location"", ""address"": """", ""latitude"": """", ""longitude"": """"}"
12719,"{""id"": ""64dd01f8969cc8.51676137"", ""url"": """", ""notes"": ""\""Online platform\"": \""Facebook\"""", ""venue"": ""Virtual location"", ""address"": """", ""latitude"": """", ""longitude"": """"}"
12723,"{""id"": ""64dd0727d96299.40727373"", ""url"": """", ""notes"": ""\""Online platform\"": \""Zoom\"""", ""venue"": ""Virtual location"", ""address"": """", ""latitude"": """", ""longitude"": """"}"
12727,"{""id"": ""64dd09e5b7e9d5.70414521"", ""url"": """", ""notes"": ""\""Online platform\"": \""Zoom\"""", ""venue"": ""Virtual location"", ""address"": """", ""latitude"": """", ""longitude"": """"}"
12733,"{""id"": ""64dd2985689432.10380055"", ""url"": """", ""notes"": ""\""Online platform\"": \""Zoom\"""", ""venue"": ""Virtual location"", ""address"": """", ""latitude"": """", ""longitude"": """"}"
12734,"{""id"": ""64dd2ac93d5ef7.65393816"", ""url"": ""https://www.openstreetmap.org/?mlat=48.4875&mlon=-81.2174#map=15/48.4875/-81.2174"", ""notes"": """", ""venue"": ""South Porcupine"", ""address"": """", ""latitude"": ""48.4875"", ""longitude"": ""-81.2174"", ""city"": ""Timmins""}"
16085,"{""id"": ""671c03b419d467.58638114"", ""url"": """", ""notes"": ""Event was held over Zoom hosted from Montreal "", ""venue"": ""Zoom"", ""address"": """", ""latitude"": """", ""longitude"": """"}"
